category_name,Product
Apparel,"Men's Cotton T-Shirt - White, Medium"
Apparel,"Women's High-Waist Jeans - Blue Denim, Size 8"
Apparel,"Children's Rain Jacket - Yellow, Size M"
Apparel,"Unisex Woolen Beanie - Black, One Size"
Apparel,"Men's Formal Blazer - Navy Blue, Size 40R"
Apparel,"Women's Summer Dress - Floral Pattern, Size M"
Apparel,"Boys' Cargo Shorts - Khaki, Age 10"
Apparel,"Girls' Leggings - Stretchable Cotton, Pink, Size S"
Apparel,"Men's Boxer Briefs - Pack of 3, Multicolor, Size L"
Apparel,"Women's Sports Bra - High Support, Black, Size 34B"
Apparel,"Baby Onesies - Pack of 5, Assorted Colors, 6-12 Months"
Apparel,"Men's Leather Belt - Brown, Size 34"
Apparel,"Women's Scarf - Silk, Printed Pattern"
Apparel,"Children's Winter Gloves - Waterproof, Size XS"
Apparel,"Men's Running Shoes - Breathable Mesh, Size 10"
Apparel,"Women's High Heels - Red, Size 7"
Apparel,"Boys' Baseball Cap - Adjustable, Blue"
Apparel,"Girls' Sundress - Sleeveless, White, Size 8"
Apparel,"Men's Swim Trunks - Quick Dry, Blue, Size M"
Apparel,"Women's Pajama Set - Cotton, Striped, Size L"
Apparel,"Yoga Pants - Stretchable Fabric, Black, Size S, M, L"
Apparel,"Men's Denim Jacket - Vintage Wash, Medium"
Apparel,"Women's Maxi Skirt - Chiffon, Floral Print, Size M"
Apparel,"Children's Swimwear - UV Protective, Neon Green, Size 6"
Apparel,"Athletic Socks - Moisture-Wicking, Pack of 6, Size L"
Apparel,"Men's Silk Tie - Solid Color, Navy Blue"
Apparel,"Women's Leather Handbag - Tan, Medium Size"
Apparel,"Boys' Basketball Shorts - Breathable, Red, Size M"
Apparel,"Girls' Ballet Flats - Patent Leather, Pink, Size 2"
Apparel,"Unisex Sunglasses - Polarized, Black Frame"
Apparel,"Men's Wool Sweater - Cable Knit, Grey, Size L"
Apparel,"Women's Velvet Dress - Deep Red, Long Sleeve, Size 8"
Apparel,"Kids' Halloween Costume - Superhero Theme, Size S"
Apparel,"Men's Hiking Boots - Waterproof, Brown, Size 11"
Apparel,"Women's Leg Warmers - Acrylic, Neon Colors"
Apparel,"Children's Hoodie - Fleece, Cartoon Print, Size M"
Apparel,"Sports Bra - Medium Impact, Neon Yellow, Size M"
Apparel,"Men's Cycling Jersey - Reflective, Bright Blue, Size L"
Apparel,"Women's Fedora Hat - Wool, Black"
Apparel,"Boys' Football Cleats - Black and White, Size 4"
Apparel,"Girls' Tunic Top - Cotton, Striped, Size 10"
Apparel,"Men's Cufflinks - Stainless Steel, Classic Design"
Apparel,"Women's Fishnet Tights - Black, One Size"
Apparel,"Children's Puffer Vest - Reversible, Blue/Red, Size S"
Apparel,"Athletic Tank Top - Mesh, White, Size M"
Apparel,"Men's Dress Socks - Argyle Pattern, Pack of 3"
Apparel,"Women's Ankle Boots - Suede, Olive Green, Size 7"
Apparel,"Boys' Hooded Raincoat - Reflective Strips, Yellow, Size 8"
Apparel,"Girls' Sparkly Leggings - Silver, Size 6"
Apparel,"Men's Running Cap - Lightweight, White"
Apparel,"Women's Workout Tank - Quick Dry, Bright Pink, Size S"
Apparel,"Kids' Thermal Underwear Set - Wool Blend, Grey, Size 4"
Apparel,"Men's Leather Wallet - Slim, Black"
Apparel,"Women's Kimono Robe - Satin, Floral Pattern"
Apparel,"Boys' Skateboarding Shoes - Durable, Black/Green, Size 5"
Apparel,"Girls' Fuzzy Socks - Pack of 5, Pastel Colors"
Apparel,"Men's Board Shorts - Tropical Print, Size 32"
Apparel,"Women's Trench Coat - Water-Resistant, Beige, Size M"
Apparel,"Children's Snow Boots - Insulated, Pink, Size 3"
Apparel,"Men's Compression Shirt - For Workouts, Black, Size M"
Apparel,"Women's Knit Beanie - Wool, Ivory Color"
Apparel,"Boys' Baseball Jersey - Team Logo, Red, Size M"
Apparel,"Girls' Floral Headband - Fabric Flowers, Multi-Color"
Apparel,"Men's Linen Shirt - Long Sleeve, White, Size L"
Apparel,"Women's Bikini Set - High Waisted, Tropical Print, Size S"
Apparel,"Children's Mittens - Knit, Animal Faces, Size S"
Apparel,"Men's Leather Gloves - Touchscreen Compatible, Black"
Apparel,"Women's Oversized Scarf - Plaid, Soft Wool Blend"
Apparel,"Boys' Long Sleeve Polo - Cotton, Navy, Size 10"
Apparel,"Girls' Chunky Sneakers - White, Size 3"
Apparel,"Men's Cargo Pants - Rugged, Olive, Size 34W 32L"
Apparel,"Women's Quilted Jacket - Lightweight, Powder Blue, Size M"
Apparel,"Kids' Beanie with Pom-Pom - Bright Yellow, One Size"
Apparel,"Men's Electric Razor - Rechargeable, Waterproof"
Apparel,"Women's Crossbody Bag - Faux Leather, Burgundy"
Apparel,"Boys' Rash Guard - UPF 50+, Blue, Size M"
Apparel,"Girls' Jump Rope - Adjustable, Rainbow Colors"
Apparel,"Men's Yoga Mat - Non-Slip, Extra Thick"
Apparel,"Women's Sunglass Case - Hard Shell, Floral Print"
Apparel,"Kids' Backpack - Water-Resistant, With Pencil Case, Blue"
Apparel,"Men's Watch - Stainless Steel, Water-Resistant"
Apparel,"Women's Nightgown - Silk, Light Blue,"
Apparel,UltraConnect Smartphone Pro
Apparel,SlateTouch Next-Gen Tablet
Apparel,SwiftBook AirLite Laptop
Apparel,PowerPort Go Charger
Apparel,EchoBuds Noise-Canceling Earphones
Apparel,VisionCast Streaming Stick
Apparel,FlexFold Bluetooth Keyboard
Apparel,PulsePlay Smart Watch
Apparel,GripGear Phone Holder
Apparel,InfinityView Monitor Extender
Apparel,QuantumDrive External SSD
Apparel,SkySync GPS Drone
Apparel,ZenScreen Portable Monitor
Apparel,RapidCharge Solar Power Bank
Apparel,ShieldCase Waterproof Phone Protector
Apparel,HarmonyHub Smart Home Controller
Apparel,VirtualLens 360 Camera
Footwear,Urban Trekker Men's Hiking Boots
Footwear,Little Paddlers Toddler Rain Boots
Footwear,Beachcomber Women's Strappy Sandals
Footwear,Marathon Elite Running Shoes
Footwear,Summer Breeze Woven Flats
Footwear,CozyToes Fuzzy Slipper Boots
Footwear,HighStep Leather Ankle Boots
Footwear,Kids' Kicks Light-Up Sneakers
Footwear,FlexiSole Yoga Mat Flip-Flops
Footwear,Trailblazer Waterproof Walking Shoes
Footwear,Ballerina's Dream Girls' Ballet Flats
Footwear,Men's Classic Oxford Dress Shoes
Footwear,Winter Wonderland Snow Boots
Footwear,Sunday Stroll Loafers
Footwear,Gladiator Strength Leather Sandals
Footwear,Teen Spirit High-Top Sneakers
Footwear,Princess Sparkle Girls' Dress Shoes
Footwear,Comfort Walkers Cushioned Insoles
Footwear,Men's Rugged Outdoors Slip-Ons
Footwear,Swift Sprinter Women's Athletic Shoes
Footwear,Sunset Slip-On Espadrilles
Footwear,AllStar Basketball High Tops
Footwear,Little Gentlemen Boys' Wingtips
Footwear,Starlight Dance Women's Heels
Footwear,Everyday Comfort Men's Casual Shoes
Footwear,Adventure Seeker Kids' Trail Shoes
Footwear,SleekStride Work Shoes
Footwear,QuickDry River Sandals
Footwear,FancyFeet Stiletto Heels
Footwear,Infant's First Walkers Soft Sole Shoes
Footwear,Youth Soccer Cleats
Footwear,Puddle Jump Kids' Waterproof Booties
Footwear,SoftStep Ballet Slip-Ons
Footwear,Mountain Peak Climbing Shoes
Footwear,Retro Revival Penny Loafers
Footwear,Elite Equestrian Riding Boots
Footwear,AquaSurf Water Shoes
Footwear,Luxe Leather Men's Loafers
Footwear,Diamond Shine Women's Party Pumps
Footwear,Men's Dockside Boat Shoes
Footwear,CrossFit Power Training Sneakers
Footwear,Teen's Skateboard Sneakers
Footwear,Lace Grace
Footwear,Victorian Lace-Up Boots 44. Gymnast Flexibility Trainers
Footwear,Teen Fashion Canvas Sneakers
Footwear,Toddler's Bumper-Toe Play Shoes
Footwear,Men's Executive Wingtip Dress Shoes
Footwear,Women's Tango Dance Heels
Footwear,CitySlicker Men's Chelsea Boots
Footwear,Floral Fiesta Women's Slip-Ons
Footwear,KidZone Playful Pumps
Footwear,Ladies' Day Out Mary Janes
Footwear,Men's Durable Work Boots
Footwear,Tropicana Open-Toe Sandals
Footwear,EverGreen Eco-Friendly Sneakers
Footwear,Tykes' All-Terrain Sandals
Footwear,Women's Winter Fashion Boots
Footwear,Classic Schoolyard Kids' Oxfords
Footwear,Weekend Warrior Men's Sneakers
Footwear,Fashionista's Choice Pointed Heels
Footwear,Vintage Velvet Evening Shoes
Footwear,Men's All-Leather Moccasins
Footwear,Kids' Cartoon Character Rain Boots
Footwear,Trail Runners Advanced Sneakers
Footwear,Baby's Soft Knit Booties
Footwear,Silver Streak Reflective Joggers
Footwear,Teen's All-Day Comfort Flats
Footwear,Men's Classic Brogue Shoes
Footwear,Ladies' Elegant Kitten Heels
Footwear,ActiveLife Orthopedic Sandals
Footwear,Men's Pro Golf Shoes
Footwear,Kids' Summer Camp Hikers
Footwear,Women's Waterproof Walking Shoes
Footwear,Star Performer Ballet Pointe Shoes
Footwear,Luxury Velvet Slip-Ons
Footwear,Men's Rugged Cowboy Boots
Footwear,Little Runners Children's Trainers
Footwear,Women's Vintage Lace-up Boots
Footwear,Men's Luxury Velvet Loafers
Footwear,Contempo Casual Sneakers
Footwear,Bride-to-Be Wedding Heels
Footwear,Infants' Rainbow Soft Sole Shoes
Footwear,Men's Steel-Toe Safety Boots
Footwear,Sun-Kissed Summer Wedges
Footwear,Evening Elegance Women's Sandals
Footwear,Kids' Safari Adventure Boots
Footwear,Sports Enthusiast Cycling Shoes
Footwear,Teen's Trendy Trainers
Footwear,Men's Nautical Deck Shoes
Footwear,Women's Professional Ballet Flats
Footwear,GrandSlam Tennis Shoes
Footwear,Junior's School Formal Shoes
Footwear,Ladies' Soft Bedroom Slippers
Footwear,FlexiFit Gymnastics Shoes
Footwear,Men's All-Season Hikers
Footwear,Bohemian Rhapsody Sandals
Footwear,Kids' Color-Pop Athletic Shoes
Footwear,Women's Breezy Linen Loafers
Footwear,Baby's Breathable Mesh Sandals
Footwear,Men's Traditional Kung Fu Flats
Electronics,TechTrendz 5G Smartphone ElitePro
Electronics,SmartTab 10-inch Quad-Core Tablet
Electronics,"OfficePro 15.6"" Core i7 Business Laptop"
Electronics,PocketPad 8-inch Android Tablet
Electronics,"GamerMax Predator Gaming Laptop 17"""
Electronics,CrystalClear Smartphone Screen Protector
Electronics,"PowerPlus 20,000mAh Portable Charger"
Electronics,Harmony 5G Smartphone - 256GB
Electronics,FlexiFold Tri-Fold Wireless Keyboard
Electronics,ProDesign Stylus Pen for Touch Screens
Electronics,SecureShell Waterproof Phone Case
Electronics,UltraSlim Pocket Powerbank 5000mAh
Electronics,MovieMagic Mini Portable Projector
Electronics,TuneTrek Noise-Canceling Headphones
Electronics,RapidRoute Car GPS Navigation System
Electronics,StudioSound Over-Ear DJ Headphones
Electronics,KidTab Education-First Children's Tablet
Electronics,"InfinityEdge 4K Touchscreen Monitor 27"""
Electronics,MightyMesh Wi-Fi Range Extender
Electronics,SwiftStream 4K Streaming Stick
Electronics,TravelTech Universal Adaptor Kit
Electronics,MobileMemo Digital Voice Recorder
Electronics,ClickClever Ergonomic Wireless Mouse
Electronics,BrightView LED Monitor Light Bar
Electronics,PocketPrint Portable Photo Printer
Electronics,CloudConnect Home Network Storage - 2TB
Electronics,VirtualPro VR Headset with Controllers
Electronics,ThunderCharge 3-in-1 Charging Station
Electronics,"SleekCase Leather Laptop Sleeve 13"""
Electronics,Wanderlust Water-Resistant Backpack with USB
Electronics,EnergyBand Fitness Tracker Watch
Electronics,PicoProject Pocket-Sized HD Projector
Electronics,NightOwl Car Dash Cam with Night Vision
Electronics,SoundSphere 360° Bluetooth Speaker
Electronics,QuantumCore Desktop Processor - 8-core
Electronics,GraphiTab Digital Drawing Tablet
Electronics,ProGamer Mechanical Keyboard with RGB
Electronics,ActionCam 4K Sports Camera with Mount
Electronics,KeyFinder Bluetooth Tracking Device
Electronics,ZoomLens Smartphone Telephoto Lens Kit
Electronics,AirSynch Wireless Earbuds with Charging Case
Electronics,NanoDrone Quadcopter with Camera
Electronics,SafeGuard Laptop Privacy Screen
Electronics,PocketScan Wireless Document Scanner
Electronics,ActiveLife Waterproof Smartwatch
Electronics,GrooveBox Mini Party Speaker
Electronics,EchoVoice Smart Home Assistant
Electronics,DiamondShield Scratch-Resistant Phone Skin
Electronics,SwiftCharge Solar-Powered Backpack
Electronics,UltraDrive USB-C Multiport Hub
Electronics,SkyView HD Antenna with Amplifier
Electronics,PhotoPro DSLR Camera Cleaning Kit
Electronics,NightTouch Smart Wall Switch
Electronics,MultiMount Flexible Tripod for Smartphones
Electronics,PowerPulse Quick Charge Wall Charger
Electronics,SolarBeam Outdoor Security Light with Sensor
Electronics,FlexFit Smart Yoga Mat with App
Electronics,DuoLink Tangle-Free Magnetic Charging Cables
Electronics,RetroBox Handheld Game Console
Electronics,FitFrame Home Workout System with Virtual Trainer
Electronics,CosmicVR Virtual Reality Headset
Electronics,PocketCinema Miniature LED Projector
Electronics,StudioPro Webcam with Built-In Ring Light
Electronics,TravelTunes Wireless Travel Speaker
Electronics,ClearCom Noise-Reducing Microphone
Electronics,QuickFix Smartphone Repair Kit
Electronics,SpaceSave Foldable Bluetooth Keyboard
Electronics,SoundWave Smart Bathroom Speaker
Electronics,PetWatch Wi-Fi Enabled Pet Monitoring Camera
Electronics,BlastBoom Portable Waterproof Speaker
Electronics,SuperSync Universal Media Remote
Electronics,EasyStream Bluetooth Audio Receiver
Electronics,WorkoutEar Sport Earhooks
Electronics,SwiftShift Laptop Cooling Pad
Electronics,BabyMonitor 3G Wi-Fi Baby Cam
Electronics,NightGuide HD Driving Glasses
Electronics,HarmonyHub Smart Home Controller
Electronics,LiteBuds Compact Wireless Earphones
Electronics,MotionTrack Wireless Game Controller
Electronics,TitanPower Desktop UPS - 1000VA
Electronics,AdventureCam Waterproof Action Camera
Electronics,LaserTouch Mini Wireless Touchpad
Electronics,MultiMedia Mini Keyboard with Touchpad
Electronics,AuraLight Smart LED Mood Lamp
Electronics,SnapFit Modular Smartphone Case
Electronics,IronDrive Military-Grade USB Flash Drive - 128GB
Electronics,OmniReader USB Multi-Card Reader
Electronics,CompactClean UV-C Smartphone Sanitizer
Electronics,DualStream Audio Transmitter/Receiver
Electronics,PrismCam 4K Webcam with Autofocus
Electronics,TrekPod Mini GPS Tracker
Electronics,CoolBreeze USB Desk Fan
Electronics,LiftOff Drone with GPS and Camera
Electronics,FlexCharge 3-Coil Wireless Charger
Electronics,HyperSound Surround Sound Gaming Headset
Electronics,SmartSocket Wi-Fi Enabled Power Socket
Electronics,"PrismDisplay Portable Second Monitor - 15.6"""
Electronics,DataVault Portable Hard Drive - 4TB
Electronics,CircuitPro Electronic DIY Starter
Home Appliances,FrostFree 500 - Double Door Refrigerator
Home Appliances,QuickCook Pro - 1100W Microwave Oven
Home Appliances,LaundryMaster 3000 - Front Load Washing Machine
Home Appliances,DineEasy - Compact Countertop Dishwasher
Home Appliances,BakeGenius - Convection Toaster Oven
Home Appliances,SmoothBlend 800 - High-Speed Blender
Home Appliances,"CrispAir - 36"" Multi-Mode Range Hood"
Home Appliances,CafeBrew - 12-Cup Programmable Coffee Maker
Home Appliances,ChillZone - Portable Air Conditioner
Home Appliances,PureFlow - HEPA Air Purifier
Home Appliances,HeatWave - 1500W Ceramic Space Heater
Home Appliances,IronSwift - 1800W Steam Iron
Home Appliances,ToastEase - 2-Slice Toaster with Bagel Function
Home Appliances,ProMix - Stand Mixer with Attachments
Home Appliances,GrindPro - Burr Coffee Grinder
Home Appliances,CoolTech - Energy Efficient Chest Freezer
Home Appliances,SwiftDry - Compact Hair Dryer with Ionic Technology
Home Appliances,PowerJuice - Cold Press Juicer Machine
Home Appliances,FreshPlus - Food Dehydrator
Home Appliances,SearSmart - Indoor Electric Grill
Home Appliances,BreezyFan - Oscillating Tower Fan
Home Appliances,QuickSweep - Robot Vacuum Cleaner
Home Appliances,DrySoft - Electric Towel Warmer
Home Appliances,EcoWash Mini - Portable Washing Machine
Home Appliances,SteamPure - Clothes Steamer
Home Appliances,RiceReady - Digital Rice Cooker
Home Appliances,ThermoPot - Electric Kettle with Variable Temperature
Home Appliances,MealPrep Pro - 7-in-1 Slow Cooker
Home Appliances,FrothMax - Automatic Milk Frother
Home Appliances,GrillKing - Outdoor Electric BBQ Grill
Home Appliances,EasyClean 360 - Cyclonic Vacuum Cleaner
Home Appliances,PowerFreeze - Ice Maker Machine
Home Appliances,ComfyHeat - Wall-Mounted Electric Fireplace
Home Appliances,SpinPro - Salad Spinner
Home Appliances,ProWaffle - Belgian Waffle Maker
Home Appliances,PowerBake - Electric Bread Maker
Home Appliances,RapidEgg - Electric Egg Cooker
Home Appliances,SoupChef - Electric Soup Maker
Home Appliances,MaxPower - High Torque Hand Blender
Home Appliances,"BakeMaster - 24"" Built-In Single Wall Oven"
Home Appliances,FreshLock - Vacuum Sealing System
Home Appliances,HomeHub - Smart Home Controller Panel
Home Appliances,StirPro - Automatic Pot Stirrer
Home Appliances,PureDrink - Water Filter Pitcher
Home Appliances,MultiSlice - Electric Food Slicer
Home Appliances,ToastWave - 4-Slice Toaster Oven
Home Appliances,SmartRoast - Digital Rotisserie Oven
Home Appliances,GrillEase - Non-Stick Panini Press
Home Appliances,BlendQuick - Personal Smoothie Maker
Home Appliances,SteamPro - Multi-Level Food Steamer
Home Appliances,AirFry Genius - Digital Air Fryer
Home Appliances,SparkleWash - Ultrasonic Jewelry Cleaner
Home Appliances,YogurtNow - Automatic Yogurt Maker
Home Appliances,EcoBoil - Energy-Saving Electric Stovetop
Home Appliances,CookSmart - Induction Cooktop
Home Appliances,DishGenie - Countertop Dishwasher
Home Appliances,CrispBake - Dual Basket Deep Fryer
Home Appliances,HotBrew - Single Serve Coffee Pod Machine
Home Appliances,CoolCarafe - Electric Wine Cooler
Home Appliances,SnackMaker - Mini Pie and Quiche Maker
Home Appliances,MiniBake - Compact Electric Baker for Pastries
Home Appliances,SmoothDough - Automatic Dough Kneader
Home Appliances,PowerGrind - Meat Grinder and Sausage Stuffer
Home Appliances,ComfortHeat - Oil-Filled Radiator Heater
Home Appliances,EasySteam - Handheld Garment Steamer
Home Appliances,PureChill - Mini Fridge with Freezer Compartment
Home Appliances,QuickChop - Electric Vegetable Chopper
Home Appliances,MealMaster - Multi-Cooker with Programmable Settings
Home Appliances,PopQuick - Hot Air Popcorn Maker
Home Appliances,BrewElite - Stainless Steel Espresso Machine
Home Appliances,MixPro - High Performance Blender
Home Appliances,ToastElite - Wide Slot Toaster with LCD Display
Home Appliances,RapidBoil - Glass Tea Kettle with Infuser
Home Appliances,WineMaster - Dual Zone Wine Refrigerator
Home Appliances,EasySweep - Cordless Stick Vacuum
Home Appliances,SteamFresh - Vegetable and Fish Steamer
Home Appliances,PowerCook - Electric Pressure Cooker
Home Appliances,GourmetBake - Countertop Convection Oven
Home Appliances,HomeFry - Electric Deep Fryer with Oil Filtration
Home Appliances,CitrusPress - Electric Citrus Juicer
Home Appliances,FlavorSeal - Sous Vide Precision Cooker
Home Appliances,QuickServe - Hot Water Dispenser
Home Appliances,ProGrill - Contact Grill with
Home Appliances,FrostGuardian Smart Fridge
Home Appliances,HeatWave Precision Cooktop
Home Appliances,BreezePure Air Purifier
Home Appliances,QuietWash Dishwasher Elite
Home Appliances,SteamPro Garment Steamer
Home Appliances,FreshBrew Advanced Coffee Maker
Home Appliances,SwiftClean Robot Vacuum
Home Appliances,CompactChill Mini Fridge
Home Appliances,BakeMaster Convection Oven
Home Appliances,AquaFilter High-Efficiency Water Purifier
Home Appliances,PowerGrind Food Processor
Home Appliances,EcoDry Heat Pump Dryer
Home Appliances,QuickToast 4-Slice Toaster
Home Appliances,FreezeTech Upright Freezer
Home Appliances,RapidHeat Microwave Oven
Home Appliances,SmoothieBlend Personal Blender
Home Appliances,IronGlide Steam Iron
Groceries,Morning Dew Fresh Strawberries
Groceries,Alpine Breeze Organic Milk
Groceries,Grassland Grazed Ribeye Steak
Groceries,Ocean’s Bounty Tuna Chunks in Brine
Groceries,CrunchTime Honey Roasted Almonds
Groceries,GoldenLoaf Whole Wheat Bread
Groceries,FarmFresh Brown Eggs - Dozen
Groceries,GreenValley Organic Spinach
Groceries,PurePeak Spring Water - 500ml
Groceries,EverCrunch Cornflakes
Groceries,Orchard’s Gift Red Delicious Apples
Groceries,SilkySmooth Chocolate Ice Cream
Groceries,SunnyFields Butter - Unsalted
Groceries,Highland Hills Cheddar Cheese
Groceries,Old Factory Traditional Tomato Soup
Groceries,SweetHive Natural Honey - 250g
Groceries,CrispPick Gherkins in Vinegar
Groceries,DailyCatch Wild Salmon Fillets
Groceries,Prairie Sun Mixed Nuts
Groceries,Rustic Pantry Chicken Broth
Groceries,ZestyBite Lime Pickle
Groceries,Nature’s Slice Avocado - Ready to Eat
Groceries,OakBarrel Aged Balsamic Vinegar
Groceries,GoldenHarvest Quinoa - 500g
Groceries,PureBerry Frozen Blueberries
Groceries,VelvetTouch Greek Yogurt
Groceries,BigBite Beef Jerky - Original
Groceries,MeadowSweet Cream Cheese
Groceries,OceanWave Sardines in Olive Oil
Groceries,HappyBee Granola Bars - Mixed Berry
Groceries,Fiesta Mix Spicy Party Snack Mix
Groceries,Tropical Sun Dried Mango Slices
Groceries,BakersDream All-Purpose Flour - 1kg
Groceries,Farmer’s Market Fresh Carrots - Bag
Groceries,NutriBoost Protein Shake - Vanilla
Groceries,SweetRoot Organic Carrot Juice
Groceries,GreenSprout Lentils - 500g Bag
Groceries,EarthBorn Vegan Cheese Spread
Groceries,Sunset Orchard Orange Juice - Pulp Free
Groceries,CoolCrunch Frozen Peas
Groceries,HeartyWheat Whole Grain Pasta
Groceries,Daily Harvest Mixed Berries
Groceries,Farmer Joe’s Baby Potatoes
Groceries,Rolling Fields Butter - Salted
Groceries,Pure Prairie Buttermilk
Groceries,SweetHarvest Peaches in Syrup
Groceries,PrimeCut Filet Mignon Steak
Groceries,SunBaked Potato Chips - Sea Salt
Groceries,HomeStyle Apple Pie Filling
Groceries,Pure Grain Brown Rice - 1kg
Groceries,VineRipe Diced Tomatoes
Groceries,SavoryChoice Chicken Nuggets
Groceries,PeakFresh Green Bell Peppers
Groceries,TropicalTreat Pineapple Slices
Groceries,Artisan’s Choice Wheat Bread Loaf
Groceries,NatureFresh Cucumber - Organic
Groceries,Silken Tofu - Firm
Groceries,Fiesta Taco Seasoning Mix
Groceries,SnackPop Buttered Popcorn
Groceries,Daily Deli Roast Beef Slices
Groceries,Vineyard’s Best Grape Jelly
Groceries,CrispHarvest Apple Cider Vinegar
Groceries,ChocoDelight Dark Chocolate Bar
Groceries,NutriYogurt Probiotic Drink
Groceries,Savory Selects Cheddar Cheese Slices
Groceries,Gourmet Grains Jasmine Rice
Groceries,TropicJuice Coconut Water
Groceries,PureLeaf Organic Green Tea
Groceries,MightyMeat Pork Sausages
Groceries,Health Harvest Almond Milk
Groceries,Sweet Delights Frosted Donuts
Groceries,SeaSpray Canned Mackerel
Groceries,PerfectPasta Fusilli
Groceries,Earth’s Essence Coconut Oil
Groceries,SpringTime Mineral Water
Groceries,OvenFresh Bagels - Cinnamon Raisin
Groceries,FreshFields Caesar Salad Kit
Groceries,SunDried Organic Tomatoes
Groceries,Farmstand Fresh Squeezed Lemonade
Groceries,BistroStyle Cream of Mushroom Soup
Groceries,Homestead Maple Syrup
Groceries,MorningGlory Breakfast Sausage Links
Groceries,PureProtein Whey Powder
Groceries,SweetTooth Chocolate Chip Cookies
Groceries,Freshness Guaranteed Watermelon Chunks
Groceries,Nature’s Nectar Orange Marmalade
Groceries,SpiceWorld Ground Cumin
Groceries,Herbal Haven Organic Green Tea
Groceries,PowerBeans Canned Black Beans
Groceries,SnackHaven Pretzel Twists
Groceries,Organic Origins Soy Milk
Groceries,QuickSnack Microwave Popcorn - Butter Flavor
Groceries,DairyDelish Skim Milk
Groceries,Sunset Farms Cherry Tomatoes
Groceries,Sweet 'n' Savory Mixed Fruit Jam
Groceries,CrispCrunch Carrot Sticks
Groceries,OceanFresh Cod Fillets
Groceries,SavoryStock Beef Broth
Groceries,OrchardBloom Pear Nectar
Groceries,DeliSelect Roasted Turkey Breast
Beauty Products,LuxeLash Volumizing Mascara
Beauty Products,SilkTouch Foundation Fluid
Beauty Products,EternalYouth Anti-Aging Serum
Beauty Products,HydrateGlow Daily Moisturizer
Beauty Products,CharcoalPure Detox Face Mask
Beauty Products,PerfectPout Lip Stain in Ruby Red
Beauty Products,SunShield SPF 50 Sunblock Cream
Beauty Products,GentleWave Sensitive Skin Cleanser
Beauty Products,RegalRose Creamy Blush in Petal Pink
Beauty Products,BrowArchitect Precision Pencil
Beauty Products,OceanBreeze Refreshing Toner
Beauty Products,HairNourish Argan Oil Treatment
Beauty Products,DreamCurls Enhancing Mousse
Beauty Products,FlawlessFinish Translucent Powder
Beauty Products,NightRepair Retinol Complex
Beauty Products,RadiantSkin Exfoliating Scrub
Beauty Products,VelvetMatte Lipstick in Coral Crush
Beauty Products,LuminEye Brightening Eye Cream
Beauty Products,PureGentle Soothing Hand Cream
Beauty Products,Eclipse Waterproof Eyeliner in Jet Black
Beauty Products,Vibrance Intensive Hair Mask
Beauty Products,SmoothSilk Hair Straightening Elixir
Beauty Products,CitrusSplash Revitalizing Body Wash
Beauty Products,UltimateLengths Lash Growth Serum
Beauty Products,MysticShade Eye Shadow Palette
Beauty Products,GoldenGlow Highlighting Powder
Beauty Products,ClearComplex Acne Spot Treatment
Beauty Products,StrongHold Sculpting Hair Gel
Beauty Products,FrostedGlaze Nail Polish in Glitter Blue
Beauty Products,FeatherSoft Makeup Remover Wipes
Beauty Products,ManicureMagic Cuticle Oil
Beauty Products,PorePerfect Primer
Beauty Products,BronzeBabe Self-Tanning Lotion
Beauty Products,CrystalClear Micellar Water
Beauty Products,BlushBerry Lip and Cheek Tint
Beauty Products,SculptFX Contour Stick
Beauty Products,ZenScent Aromatherapy Rollerball
Beauty Products,PrimeShine Glossing Hair Spray
Beauty Products,SootheCalm Aftershave Balm
Beauty Products,PearlEssence Whitening Toothpaste
Beauty Products,MintFresh Breath Spray
Beauty Products,DivineLips Hydrating Lip Balm
Beauty Products,CaffeineCharge Eye Roller
Beauty Products,AquaLock Hydration Spray
Beauty Products,BounceBack Curl Definer
Beauty Products,SilkVeil Face Powder in Beige
Beauty Products,EnchantMist Perfumed Body Mist
Beauty Products,NoFrizz Smoothing Serum
Beauty Products,DazzleBright Teeth Whitening Strips
Beauty Products,PlumpIt Up Lip Plumper
Beauty Products,GlowRevive Highlighter Stick
Beauty Products,ShadeShift Color Changing Nail Lacquer
Beauty Products,SkinFirm Cellulite Reduction Cream
Beauty Products,WildCurl Mascara with Fibers
Beauty Products,SheerDelight BB Cream
Beauty Products,SpiceBloom Natural Deodorant
Beauty Products,GentleClean Makeup Brush Cleanser
Beauty Products,PureBliss Organic Lip Scrub
Beauty Products,ExoticOil Moroccan Hair Oil
Beauty Products,SculptingClay High Definition Hair Pomade
Beauty Products,CleanPores Blackhead Removal Strips
Beauty Products,LuxeLengths Hair Extensions
Beauty Products,AllDayFresh Feminine Wipes
Beauty Products,NatureNourish Handmade Soap Bar
Beauty Products,BeachWave Sea Salt Hair Spray
Beauty Products,CoolingAloe After Sun Gel
Beauty Products,AquaMarine Refreshing Shampoo
Beauty Products,GlitterGlow Liquid Eyeshadow
Beauty Products,SatinSheen Body Lotion
Beauty Products,NailStrong Treatment and Growth Formula
Beauty Products,DewyDream Hyaluronic Face Mist
Beauty Products,SmoothEase Depilatory Cream
Beauty Products,GlossLock Longwear Lip Gloss
Beauty Products,CalmBalm Shaving Cream
Beauty Products,SparkleShine Dental Floss Picks
Beauty Products,LavishLather Shaving Soap
Beauty Products,EcoPure Natural Conditioner 78. BlushBeauty Baked Powder Blush
Beauty Products,EarthTones Organic Foundation Stick
Beauty Products,ManeMagic Split End Therapy
Beauty Products,BerryBlast Tinted Lip Oil
Beauty Products,SleekContour Face Sculpting Kit
Beauty Products,BrightEyes Concealer in Porcelain
Beauty Products,Rejuvenate Night Face Oil
Beauty Products,VelvetSkin Body Butter in Warm Vanilla
Beauty Products,InstaLift Eye Gel Patches
Beauty Products,OasisHydrate Intense Hydration Serum
Beauty Products,PerfectBrows Shaping Wax
Beauty Products,CrystalNail Hardening Strengthener
Beauty Products,ExoticEscape Body Scrub with Coconut
Beauty Products,RenewDerm Face Mask with Green Tea
Beauty Products,LushLashes Eyelash Enhancing Serum
Beauty Products,ClearZen Acne Treatment Gel
Beauty Products,SculptedAbs Workout Enhancing Cream
Beauty Products,SleekShadow Smudge-Proof Cream Eyeshadow
Beauty Products,KissableLips Sugar Lip Polish
Beauty Products,CalmingLavender Bath Salts
Beauty Products,SilkWrap Leave-In Hair Treatment
Beauty Products,AngelGlow Illuminating Face Primer
Beauty Products,PureMint Natural Mouthwash
Health and Wellness,VitalityBoost Multivitamin Complex
Health and Wellness,OmegaWave Fish Oil Softgels
Health and Wellness,ZenMind Stress Relief Formula
Health and Wellness,IronPulse Pre-Workout Powder
Health and Wellness,HerbalEssence Echinacea Capsules
Health and Wellness,GreenFuel Spirulina Tablets
Health and Wellness,BodyFlex Adjustable Dumbbells
Health and Wellness,CardioRush Jump Rope with Counter
Health and Wellness,ProGainer Whey Protein Blend
Health and Wellness,YogaHarmony Eco-Friendly Mat
Health and Wellness,JointFlex Glucosamine Supplement
Health and Wellness,PowerShred Kettlebell Set
Health and Wellness,ActiveCore Stability Ball
Health and Wellness,DigestWell Probiotic Blend
Health and Wellness,ZenSleep Melatonin Gummies
Health and Wellness,BrainCharge Cognitive Support Pills
Health and Wellness,HeartRhythm CoQ10 Softgels
Health and Wellness,MightyMunch Flaxseed Snack Bars
Health and Wellness,EnergyBurst B12 Lozenges
Health and Wellness,SkinGlow Collagen Peptides Powder
Health and Wellness,PurePlant Vegan Protein Shake
Health and Wellness,ImmunoShield Vitamin C + Zinc
Health and Wellness,FiberFix Psyllium Husk Capsules
Health and Wellness,SerenityAid Natural Sleep Formula
Health and Wellness,FitnessPro Treadmill with Heart Monitor
Health and Wellness,BalanceBoard Wooden Wobble Trainer
Health and Wellness,AntioxidantAdept Acai Berry Extract
Health and Wellness,SteelPulse Adjustable Barbell
Health and Wellness,KetoKickstart MCT Oil
Health and Wellness,DetoxPure Activated Charcoal Pills
Health and Wellness,ResilienceRx Turmeric Curcumin
Health and Wellness,VitaminD3 Sunshine Gels
Health and Wellness,CalmFlow Aromatherapy Diffuser
Health and Wellness,SculptTone Weighted Vest
Health and Wellness,RecoveryPlus Epsom Salt Soak
Health and Wellness,BerryBlast Superfood Powder
Health and Wellness,FlexBand Resistance Loop Set
Health and Wellness,GymGrip Weightlifting Gloves
Health and Wellness,HydrateElixir Electrolyte Drink Mix
Health and Wellness,ToneRope Speed Skipping Rope
Health and Wellness,EnduranceEdge Creatine Monohydrate
Health and Wellness,LeanLife CLA Softgels
Health and Wellness,PowerLift Squat Rack
Health and Wellness,MindBoost Ginkgo Biloba Tablets
Health and Wellness,BloodPressure Support Herbal Tea
Health and Wellness,VisionClear Lutein and Zeaxanthin
Health and Wellness,AgileAgility Agility Ladder
Health and Wellness,TotalTone Pilates Ring
Health and Wellness,MuscleMend Massage Gun
Health and Wellness,IronGrip Pull Up Bar
Health and Wellness,EssentialOmega Krill Oil Softgels
Health and Wellness,PureHydration Water Filtration Bottle
Health and Wellness,FitnessTracker Advanced Activity Wristband
Health and Wellness,HealthyHeart Garlic Extract Capsules
Health and Wellness,BodySculpt Yoga Wheel
Health and Wellness,RecoveryWhey Isolate Protein
Health and Wellness,SunriseAlarm Wake-Up Light Therapy
Health and Wellness,DailyDetox Apple Cider Vinegar
Health and Wellness,CalciumComplete Chewable Tablets
Health and Wellness,SlimShape Waist Trainer Belt
Health and Wellness,PureStrength Grip Strengthener
Health and Wellness,BreatheEase Nasal Strips
Health and Wellness,NaturalEase Milk Thistle Capsules
Health and Wellness,ElectroBoost Cycling Stationary Bike
Health and Wellness,TranquilTouch Massage Oil
Health and Wellness,FlexFit Home Gym System
Health and Wellness,ImmuneDefense Elderberry Syrup
Health and Wellness,ZestfulEnergy Caffeine Pills
Health and Wellness,IronCore Cast Iron Kettlebell
Health and Wellness,RadiantHair Biotin Formula
Health and Wellness,EaseFlex Foam Roller
Health and Wellness,StrongStride Treadmill Lubricant
Health and Wellness,NutriJuice Cold Press Juicer
Health and Wellness,VitalMinerals Magnesium Complex
Health and Wellness,FitnessMat Non-Slip Exercise Mat
Health and Wellness,CleanAir HEPA Air Purifier
Health and Wellness,WellBeing Digital Blood Pressure Monitor
Health and Wellness,NaturalSoothe Aloe Vera Gel
Health and Wellness,CrunchCore Ab Roller
Health and Wellness,PowerSnack High-Protein Bars
Health and Wellness,RefreshMint Breath Freshener Spray
Health and Wellness,CardioFit Heart Rate Monitor
Health and Wellness,JointEase Yoga Block
Health and Wellness,SunSynth Vitamin D Lamp
Health and Wellness,StrengthStack 50 lb Adjustable Dumbbell
Health and Wellness,PlantPower Green Tea Extract
Health and Wellness,EssentialStretch Stretching Strap
Health and Wellness,WheyPlus Grass-Fed Protein
Health and Wellness,HerbalZen Ashwagandha Root
Health and Wellness,GripMaster Hand Exerciser
Health and Wellness,EyeBright Vision Support Formula
Health and Wellness,PerformancePump Nitric Oxide Booster
Health and Wellness,KetoBurn Exogenous Ketone Capsules
Health and Wellness,TrueTaste Alkaline Water Pitcher
Health and Wellness,SmartScale Bluetooth Body Analyzer
Health and Wellness,ZenGarden Meditation Cushion
Health and Wellness,ProteinPacked Peanut Butter Powder
Health and Wellness,CoreControl Balance Trainer
Health and Wellness,FlexMotion Doorway Gym Bar
Health and Wellness,SoothingScent Lavender Essential Oil
Toys and Games,AstroBlaster Foam Dart Gun
Toys and Games,Pirates' Cove Adventure Board Game
Toys and Games,RainbowQuest Unicorn Puzzle
Toys and Games,MasterChef Junior Cooking Kit
Toys and Games,BrickBuilder Space Station Set
Toys and Games,ActionArena Soccer Table
Toys and Games,CastleSiege Medieval Chess Set
Toys and Games,SpeedRacers Remote Control Cars
Toys and Games,AquaSplash Water Balloon Set
Toys and Games,GalaxyGuardians Action Figure Pack
Toys and Games,EcoExplorers Recycling Truck Toy
Toys and Games,DinoDig Fossil Excavation Kit
Toys and Games,LaserTag Pro Battle Set
Toys and Games,CyberStrike Video Game for Console
Toys and Games,DronePilot Virtual Flight Simulator
Toys and Games,WhizKid Science Lab Set
Toys and Games,StoryLand Enchanted Princess Castle
Toys and Games,MindMaze Escape Room Challenge
Toys and Games,DeepSea Treasure Diving Game
Toys and Games,RiddleMaster Logic Puzzle Collection
Toys and Games,QuickDraw Cowboy Shootout Set
Toys and Games,FashionRunway Designer Dress-Up Kit
Toys and Games,HoverBoard VR Racing Game
Toys and Games,RoboTech Interactive Learning Robot
Toys and Games,NinjaWarriors Action Figures
Toys and Games,Quest for Atlantis Underwater Drone
Toys and Games,RetroArcade Classic Games Console
Toys and Games,LittleBaker Cupcake Decorating Set
Toys and Games,Mythical Beasts Collectible Card Game
Toys and Games,SkyHigh Kite Kit
Toys and Games,JungleGym Backyard Playset
Toys and Games,FantasyFlight Dragon Glider
Toys and Games,DanceMania Interactive Dance Mat
Toys and Games,PocketPets Electronic Virtual Pet
Toys and Games,StarTracker Telescope and Astronomy Kit
Toys and Games,Spellbound Magical Wand Set
Toys and Games,CodeCracker Programming Game
Toys and Games,RailRiders Deluxe Train Set
Toys and Games,BattleBots Remote Control Fighting Robots
Toys and Games,SafariSnap Animal Photography Game
Toys and Games,MonsterMaker 3D Printing Pen
Toys and Games,MusicMaestro Keyboard and Learning System
Toys and Games,FitnessFun Trampoline with Safety Net
Toys and Games,SuperSleuth Detective Kit
Toys and Games,WorldTraveler Interactive Globe
Toys and Games,FutureCity Building Blocks
Toys and Games,OceanOdyssey Submarine Exploration Game
Toys and Games,RaceCar Rally Slot Car Track
Toys and Games,SkyQuest Drone with Camera
Toys and Games,PuppetPlay Theater Set
Toys and Games,TimeTravelers Historical Board Game
Toys and Games,MasterMind Chess Trainer
Toys and Games,SecretAgent Spy Gear Set
Toys and Games,LaserPuzzle 3D Jigsaw Challenge
Toys and Games,AnimalAdventures Interactive Zoo Set
Toys and Games,UltimateUniverse Space Exploration Video Game
Toys and Games,EscapeQuest Virtual Reality Game
Toys and Games,PocketPainter Watercolor Set
Toys and Games,CombatCommanders Military Strategy Game
Toys and Games,Fashionista Barbie Playset
Toys and Games,TimeTrials Track & Field Sports Set
Toys and Games,CraftyKids Pottery Wheel
Toys and Games,DragonSlayer Fantasy Role-Playing Game
Toys and Games,BeachBum Volleyball and Badminton Set
Toys and Games,ArcadeShooter Laser Tag Game
Toys and Games,StrategyKingdom Conquest Board Game
Toys and Games,BouncePalooza Inflatable Bounce House
Toys and Games,WizardWorld Magical Creatures Collection
Toys and Games,PuzzleParadise Exotic Locations Jigsaw Set
Toys and Games,SuperHeroes Action Figure Lineup
Toys and Games,SweetShoppe Ice Cream Making Kit
Toys and Games,MiniatureGolf Home Edition
Toys and Games,SpyQuest Digital Treasure Hunt Game
Toys and Games,AnimalRescue Vet Clinic Toy Set
Toys and Games,ElectriCity Circuit Building Game
Toys and Games,DanceOff Dance Competition Video Game
Toys and Games,SmartBlox Robotics Construction Set
Toys and Games,StrikeForce Bowling Alley Set
Toys and Games,FitnessChallenge Family Exercise Game
Toys and Games,PinballWizard Arcade Machine
Toys and Games,DeepDive Submersible Toy Set
Toys and Games,Knight’s Castle Popup Playhouse
Toys and Games,SoccerStar Football Training Kit
Toys and Games,RockStar Guitar and Amp Set
Toys and Games,StuntScooter Pro Edition
Toys and Games,YogaBuddies Interactive Exercise Mat
Toys and Games,TopChef Cooking Challenge Game
Toys and Games,PeacefulGarden Zen Gardening Kit
Toys and Games,DazzleDress Designer Fashion Kit
Toys and Games,MythosQuest Board Game of Legends
Toys and Games,IQBuilder Brain Teaser Puzzle Set
Toys and Games,StarCommander Space Station Toy
Toys and Games,BeatTheClock Time Management Game
Toys and Games,AquaFun Pool and Water Toys
Toys and Games,MysteryMansion Clue-Finding Board Game
Toys and Games,JewelQuest Gem Mining Kit
Toys and Games,CircuitRacer Electric Go-Kart
Toys and Games,DroneLeague Competitive Racing Set
Toys and Games,TinyTown Miniature Village Builder
Toys and Games,MindBenders Advanced Riddle Game
Sports Goods,AeroSwift Soccer Cleats
Sports Goods,StrikeZone Baseball Mitt
Sports Goods,Marathon Elite Running Shoes
Sports Goods,TriAthlete Waterproof Smartwatch
Sports Goods,PeakPerformance Hiking Backpack
Sports Goods,PowerDrive Golf Clubs Set
Sports Goods,Cyclone Carbon Road Bike
Sports Goods,WaveMaster Surfboard
Sports Goods,MountainRanger Climbing Harness
Sports Goods,Gladiator Gymnastics Leotard
Sports Goods,SpeedRacer Cycling Jersey
Sports Goods,Endurance Pro Trekking Poles
Sports Goods,IronGrip Weightlifting Gloves
Sports Goods,SwiftDive Scuba Gear Set
Sports Goods,ProBaller Basketball Jersey
Sports Goods,ThunderBolt Racing Swimsuit
Sports Goods,WinterWarrior Ski Goggles
Sports Goods,AceServe Tennis Racket
Sports Goods,RhythmicGymnast Ribbon and Stick Set
Sports Goods,VelocityTrack Spikes
Sports Goods,FlexBalance Yoga Mat
Sports Goods,OceanWave Kayak
Sports Goods,SprintMaster Stopwatch
Sports Goods,AlpineExplorer Snowshoes
Sports Goods,AquaHydro Swim Cap
Sports Goods,EagleEye Archery Bow
Sports Goods,PrecisionPutt Golfing Laser Guide
Sports Goods,CombatFit MMA Training Gloves
Sports Goods,CardioPulse Heart Rate Monitor
Sports Goods,ProPitch Baseball Bat
Sports Goods,DiamondCut Softball Cleats
Sports Goods,SportEssentials Athletic Socks
Sports Goods,SkyJump Parachute Pack
Sports Goods,EasyRide Unicycle
Sports Goods,CoolVent Breathable Running Cap
Sports Goods,WaveRider Bodyboard
Sports Goods,SwiftKick Football Boots
Sports Goods,Vortex Disc Golf Set
Sports Goods,UltraMesh Vented Fishing Vest
Sports Goods,FreeClimb Carabiner Set
Sports Goods,GymnastFlex Stretching Strap
Sports Goods,PowerPunch Boxing Bag
Sports Goods,SwiftFlow Rower Machine
Sports Goods,ToughTrail Camouflage Hunting Apparel
Sports Goods,AeroDynamic Frisbee
Sports Goods,LuckyStrike Bowling Ball
Sports Goods,IceBlade Figure Skates
Sports Goods,StealthMode Hunting Blind
Sports Goods,Barricade Shin Guards
Sports Goods,ThriveFit Multi-Grip Pull-up Bar
Sports Goods,FitnessGuard Compression Sleeve
Sports Goods,ProCast Fishing Rod
Sports Goods,TopSpin Ping Pong Paddle Set
Sports Goods,ClearPath Golf Cart GPS Holder
Sports Goods,SmoothSailor Wind Surf Sail
Sports Goods,StrikeForce Krav Maga Belt
Sports Goods,QuantumQuiver Archery Quiver
Sports Goods,Zenith Hockey Stick
Sports Goods,GripLock Dumbbells
Sports Goods,FastLane Swimmer’s Snorkel
Sports Goods,EliteTackle Fishing Tackle Box
Sports Goods,SportySpice Cheerleading Pom Poms
Sports Goods,TrailBlazer Mountain Biking Shorts
Sports Goods,PivotDance Ballet Shoes
Sports Goods,SkySoar Paraglider
Sports Goods,RapidFire Softball Pitching Machine
Sports Goods,EdgeGuard Fencing Foil
Sports Goods,GripMaster Climbing Chalk Bag
Sports Goods,PowerLift Squat Rack
Sports Goods,SwiftMove Dance Tights
Sports Goods,StrikeKing Muay Thai Pads
Sports Goods,TurboTwist Jump Rope
Sports Goods,DiamondDazzle Gymnastics Mats
Sports Goods,SilentStrike Hunting Boots
Sports Goods,CourtCommander Tennis Ball Machine
Sports Goods,GrandSlam Baseball Caps
Sports Goods,Bullseye Dartboard
Sports Goods,GoalKeeper Soccer Net
Sports Goods,RallyTrack Rally Car Helmet
Sports Goods,SwiftSail Sailing Gloves
Sports Goods,CrossCountry Nordic Ski Poles
Sports Goods,WaveRipper Jet Ski Life Vest
Sports Goods,IronWill Kettlebells
Sports Goods,FlightPath Badminton Shuttlecocks
Sports Goods,TargetMaster Biathlon Rifle
Sports Goods,CoreCruncher Ab Wheel
Sports Goods,ProStride Skating Tights
Sports Goods,AquaStream Water Polo Ball
Sports Goods,SwiftServe Volleyball
Sports Goods,EnduroPack Triathlon Transition Bag
Sports Goods,SpinCycle Indoor Cycling Bike
Sports Goods,IceGuard Hockey Pads
Sports Goods,AlpinePro Ski Jacket
Sports Goods,RapidRally Racquetball Racket
Sports Goods,StrikeOut Softball Helmet
Sports Goods,MatchPoint Squash Racket
Sports Goods,LungeLine Equestrian Riding Crop
Sports Goods,TacklePro Football Shoulder Pads
Sports Goods,ExtremeGrip Climbing Shoes
Sports Goods,MarathonHydra Hydration Vest
Books and Stationery,EpicQuest Fantasy Novel Series
Books and Stationery,The Daily Grind Coffee Table Magazine
Books and Stationery,TechTrends IT and Innovation Magazine
Books and Stationery,Skyline Gel Ink Pens - 12 Pack
Books and Stationery,Timeless Leather-Bound Journal
Books and Stationery,Inspirations Art Sketchbook
Books and Stationery,Galactic Adventures Sci-Fi Anthology
Books and Stationery,Mindful Living Wellness Magazine
Books and Stationery,Precision Drafting Mechanical Pencil Set
Books and Stationery,Executive Monogrammed Stationery Set
Books and Stationery,Zen Garden Adult Coloring Book
Books and Stationery,OrganizePro Desk Planner
Books and Stationery,HighGloss Fashion Magazine
Books and Stationery,SmoothScribe Fountain Pens
Books and Stationery,DigiMark Digital Highlighters
Books and Stationery,EcoNote Recycled Notebooks - 5 Pack
Books and Stationery,The Cookbook Digest Quarterly Magazine
Books and Stationery,UltimateOffice All-in-One Desk Organizer
Books and Stationery,BrushStroke Watercolor Pad
Books and Stationery,SecretSpine Book Safe
Books and Stationery,CreativeCrafts Scrapbooking Essentials
Books and Stationery,PowerPort USB Desk Hub
Books and Stationery,Visionary Business Leaders Biographies
Books and Stationery,SharpLook Professional Presentation Folders
Books and Stationery,Crafters' Companion DIY Magazine
Books and Stationery,StickyNote Spectrum Collection
Books and Stationery,Elite Writers Classic Literature Series
Books and Stationery,Harmony Yoga and Lifestyle Magazine
Books and Stationery,VibrantVisions Colored Pencils - 24 Count
Books and Stationery,Quantum Physics Simplified Reference Book
Books and Stationery,TechWiz Office Multi-Tool Pen
Books and Stationery,PlanetEarth Environmental Almanac
Books and Stationery,WorldChef Culinary Magazine
Books and Stationery,Architect's Choice Drafting Ruler
Books and Stationery,CrystalClear Page Magnifier
Books and Stationery,Aromatic Espresso Journal
Books and Stationery,TranquilSounds Music Therapy Magazine
Books and Stationery,LaserPrecision Cut Scissors
Books and Stationery,ModernHomes Interior Design Magazine
Books and Stationery,SpaceTech Telescopic Pointer
Books and Stationery,Vintage Vellum Writing Paper
Books and Stationery,Boundless Creativity Sticker Pack
Books and Stationery,BudgetBoss Financial Planning Workbook
Books and Stationery,CineFilm Movie Critics Journal
Books and Stationery,EcoBind Biodegradable Binder
Books and Stationery,Mythical Tales Graphic Novel
Books and Stationery,GlobalGourmet Food & Wine Magazine
Books and Stationery,ClipCatch Magnetic Paperclip Holder
Books and Stationery,Vibrance High Pigment Markers
Books and Stationery,EasyFile Tabbed Dividers
Books and Stationery,SmoothLines Calligraphy Set
Books and Stationery,Coding for Kids Interactive Workbook
Books and Stationery,History in Pictures Documentary Magazine
Books and Stationery,VersaTab Reusable Dry Erase Tabs
Books and Stationery,Artisanal Breads Cookbook
Books and Stationery,Snapshot Photo Album
Books and Stationery,FitnessForAll Exercise Guide Book
Books and Stationery,HeavyDuty Stapler with Staples Set
Books and Stationery,AquaInk Watercolor Brush Pens
Books and Stationery,The Aromatherapy Guide Magazine
Books and Stationery,Pocket Protector Classic Set
Books and Stationery,Cultures of the World Travel Magazine
Books and Stationery,Floral Fantasy Weekly Planner
Books and Stationery,TravelTales Adventure Journal
Books and Stationery,LushPlants Gardening Magazine
Books and Stationery,QuickDry Gel Highlighters
Books and Stationery,Retro Vinyl Record Notebook
Books and Stationery,ChicStyles Fashion Designer Sketch Pad
Books and Stationery,Deluxe Drafting Compass Kit
Books and Stationery,Classic Cinema Poster Postcards
Books and Stationery,ClearView Document Sleeves
Books and Stationery,SelfCare Health and Beauty Magazine
Books and Stationery,ProPainter Acrylic Paint Set
Books and Stationery,OfficeErgo Lumbar Support Cushion
Books and Stationery,Astrology and Stars Magazine
Books and Stationery,MiniMind Sudoku Puzzle Book
Books and Stationery,SheerElegance Letter Opener
Books and Stationery,GreenGrow Organic Gardening Guide
Books and Stationery,OceanBlue Personalized Stationery
Books and Stationery,DIY Decor Home Improvement Magazine
Books and Stationery,MightyAdhesive Glue Stick Duo
Books and Stationery,Writable CD Label Kit
Books and Stationery,Kids' Craft Corner Magazine
Books and Stationery,Executive Planner Leather Folio
Books and Stationery,Deluxe Desktop Calculator
Books and Stationery,Rainbow Roll Washi Tape Set
Books and Stationery,SmartEats Nutrition and Diet Book
Books and Stationery,Designer Desk Lamp with Dimmer
Books and Stationery,Expandable File Folder with Tabs
Books and Stationery,HomeBrewing Beer Enthusiast Magazine
Books and Stationery,DocumentGuard Fireproof Safe Bag
Books and Stationery,Floral Impressions Greeting Card Set
Books and Stationery,Desk Zen Garden Kit
Books and Stationery,ArtDeco Premium Pencil Skirt
Books and Stationery,OfficeYoga Instructional Poster
Books and Stationery,Infinity Journal with Embossed Cover
Books and Stationery,MemoryKeeper Scrapbook Album
Books and Stationery,Pet Lovers' Digest Magazine
Books and Stationery,All-in-One Printer Paper - Ream
Books and Stationery,The Thinker's Sharpener – Premium Pencil Sharpener
Home Decor,CozyNest Memory Foam Mattress
Home Decor,VintageVogue Wall Mirror
Home Decor,UrbanRetreat Leather Recliner
Home Decor,Serenity Waterfall Indoor Fountain
Home Decor,MysticFlame Aromatherapy Candles
Home Decor,PlushPile Shaggy Area Rug
Home Decor,LuminaGlow Dimmable Floor Lamp
Home Decor,WhisperWeave Blackout Curtains
Home Decor,SleekSpace Modular Sofa
Home Decor,HarmonyHues Hand-Painted Vases
Home Decor,ZenGarden Faux Bonsai Tree
Home Decor,PurityCollection Egyptian Cotton Towels
Home Decor,ClassicChic Picture Frame Gallery Set
Home Decor,RusticRealm Barnwood Coffee Table
Home Decor,ModernMosaic Decorative Throw Pillows
Home Decor,ElegantOrchid Silk Flower Arrangement
Home Decor,FineFurnish Oak Dining Set
Home Decor,SoftSilhouette Curtain Drapery
Home Decor,SatinSheen Bedspread Set
Home Decor,OrnateOpulence Crystal Chandelier
Home Decor,HavenLuxe Velvet Accent Chair
Home Decor,EnchantedEvening Patio String Lights
Home Decor,BlissfulBloom Area Rugs
Home Decor,TimelessTextile Linen Tablecloth
Home Decor,IronCraftsman Wrought Iron Railings
Home Decor,DreamWeaver Handmade Tapestry
Home Decor,ComfortCradle Rocking Chair
Home Decor,PureAmbiance Essential Oil Diffuser
Home Decor,ArtisanAccents Decorative Wall Plates
Home Decor,HeritageHome Hardwood Bookcase
Home Decor,TropicBreeze Ceiling Fan
Home Decor,ScentSational Wax Warmer
Home Decor,InfiniteReflections LED Bathroom Mirror
Home Decor,VibrantVignette Indoor Planters
Home Decor,TranquilTide Wall Art Canvas
Home Decor,RusticRose Curtain Tiebacks
Home Decor,EliteElegance Crystal Wine Decanter
Home Decor,MajesticMantle Electric Fireplace
Home Decor,SleepSanctuary Deluxe Bed Canopy
Home Decor,NatureNook Corner Plant Stand
Home Decor,BoldBloom Outdoor Cushions
Home Decor,CaptivatingCandlesticks Mantel Decor
Home Decor,GentleGlide Porch Swing
Home Decor,SummerScent Reed Diffuser Collection
Home Decor,VelvetVault Jewelry Box
Home Decor,RoyalRepose Tufted Headboard
Home Decor,LushLattice Garden Trellis
Home Decor,GalleryGlow Picture Light
Home Decor,Impressions Vanity Stool
Home Decor,ChevronCharm Knitted Throw Blanket
Home Decor,WillowWisps Hanging Lanterns
Home Decor,ClassicContours Crown Molding
Home Decor,SculptedSerenity Garden Statue
Home Decor,DivineDrapes Embroidered Window Treatments
Home Decor,PlacidPond Tabletop Water Feature
Home Decor,UrbanElegance Industrial Shelving Unit
Home Decor,MorningGlory Bedroom Curtains
Home Decor,Hearthside Fireplace Tool Set
Home Decor,Organique Bamboo Bath Mat
Home Decor,NauticalNest Coastal Wall Decor
Home Decor,Enigma Abstract Sculpture
Home Decor,CozyComforts Heated Throw Blanket
Home Decor,GlitterGlam Makeup Organizer
Home Decor,WarmWhispers Tabletop Fireplace
Home Decor,ContourComfort Adjustable Desk Chair
Home Decor,SplendidSpire Candle Holder
Home Decor,MoonlitMeadow Wall Murals
Home Decor,AntiqueAlcove Vintage Trunk
Home Decor,SkylineSilhouettes Cityscape Decals
Home Decor,PrismPlay Light-Reflecting Window Film
Home Decor,HearthHaven Plush Pet Bed
Home Decor,LuminousLanterns Moroccan-Style Lights
Home Decor,GrandGallery Wall Shelves
Home Decor,SunsetShores Beachy Framed Art
Home Decor,TactileTreasures Textured Wallpaper
Home Decor,BreezyBungalow Hammock with Stand
Home Decor,DreamyDelight Nightstand
Home Decor,VibrantVista Curtains in Ombre
Home Decor,BotanicalBliss Duvet Cover Set
Home Decor,CrescentMoon Wall Shelf
Home Decor,OrnamentalOasis Outdoor Rugs
Home Decor,SecretGarden Metal Wall Trellis
Home Decor,ZenithPeak Hammock Chair
Home Decor,WhisperingWillow Wind Chimes
Home Decor,PoshPouf Ottoman
Home Decor,StellarSpace Star Projector
Home Decor,WovenWonder Basket Set
Home Decor,SunburstSimplicity Decorative Mirror
Home Decor,AbstractAura Painting Collection
Home Decor,SpaSensation Towel Warmer
Home Decor,RegalRelics Vintage Door Knocker
Home Decor,LuminaryLines Staircase Runner
Home Decor,BijouBox Velvet Lined Jewelry Chest
Home Decor,FluffyFleece Weighted Blanket
Home Decor,OpulentOttoman Storage Bench
Home Decor,MajesticMount TV Wall Bracket
Home Decor,Craftsmanship Console Table
Home Decor,VisionaryVelvet Upholstered Chaise Lounge
Home Decor,CelestialSpheres Garden Globes
Home Decor,Allure
Garden and Outdoor,GreenThumb Ergonomic Trowel
Garden and Outdoor,BlossomBurst Seed Starter Kit
Garden and Outdoor,NatureNest Hanging Planters
Garden and Outdoor,TerraFirma Potting Bench
Garden and Outdoor,BloomBoost Flower Fertilizer
Garden and Outdoor,CanopyComfort Outdoor Swing Chair
Garden and Outdoor,FloraFountain Solar-Powered Water Feature
Garden and Outdoor,PatioGlow Fire Pit Table
Garden and Outdoor,GardenGuru Pruning Shears
Garden and Outdoor,SproutRise Adjustable Plant Stand
Garden and Outdoor,VerdantValley Lawn Mower
Garden and Outdoor,EmberRoast Barbecue Grill Set
Garden and Outdoor,BotanicBeauty Indoor Herb Garden
Garden and Outdoor,SunLounge Rattan Recliner
Garden and Outdoor,AquaSpritz Irrigation System
Garden and Outdoor,LuxeLeaf Exotic Plant Collection
Garden and Outdoor,EverEdge Steel Lawn Edging
Garden and Outdoor,BackyardBounty Compost Bin
Garden and Outdoor,GrillMaster Pro Smoker
Garden and Outdoor,WoodlandWhisper Bird Feeder
Garden and Outdoor,Nature'sHaven Bee House
Garden and Outdoor,ElegantEarth Garden Sculpture
Garden and Outdoor,SerenityPond Koi Pond Kit
Garden and Outdoor,HarvestHome Wheelbarrow
Garden and Outdoor,SunsetSiesta Hammock with Stand
Garden and Outdoor,BistroBliss Outdoor Table Set
Garden and Outdoor,PetalPerfect Garden Gloves
Garden and Outdoor,BarbecueBlitz Tool Set
Garden and Outdoor,WeatherWise Garden Thermometer
Garden and Outdoor,PlantWhisperer Watering Can
Garden and Outdoor,PerennialParadise Garden Border
Garden and Outdoor,LuxeLawn Artificial Grass
Garden and Outdoor,RusticRetreat Garden Bench
Garden and Outdoor,GrillGlitz Cleaning Brush
Garden and Outdoor,OasisOrnament Wind Spinner
Garden and Outdoor,GardenGleam Solar Lights
Garden and Outdoor,BreezyBorders Mesh Fencing
Garden and Outdoor,PatioParadise Umbrella
Garden and Outdoor,SeedlingSensation Grow Lights
Garden and Outdoor,AquaArcade Automatic Sprinkler
Garden and Outdoor,ZenZone Bamboo Fountain
Garden and Outdoor,FloraFlex Hanging Baskets
Garden and Outdoor,SizzleStation Outdoor Kitchen
Garden and Outdoor,BloomingOasis Greenhouse
Garden and Outdoor,FreshFeast Portable Barbecue
Garden and Outdoor,GourmetGarden Vertical Planter
Garden and Outdoor,CanopyCraft Gazebo Kit
Garden and Outdoor,TwilightTorch Tiki Torches
Garden and Outdoor,LeafLifter Rake
Garden and Outdoor,CultivateCraze Garden Cultivator
Garden and Outdoor,HerbHarbor Window Box
Garden and Outdoor,GardenGlory Decorative Stones
Garden and Outdoor,CozyCocoon Tree Swing
Garden and Outdoor,Sunbaked Clay Pots
Garden and Outdoor,LushLattice Privacy Screen
Garden and Outdoor,OutdoorOdyssey Telescope
Garden and Outdoor,PicnicPro Folding Table
Garden and Outdoor,BloomBuddy Plant Caddy
Garden and Outdoor,NatureNurture Seedling Heat Mat
Garden and Outdoor,GrubGrill Rotisserie Kit
Garden and Outdoor,PestoPatch Herb Garden
Garden and Outdoor,GardenGlow LED Pathway Lights
Garden and Outdoor,TimberTreat Wooden Planter Box
Garden and Outdoor,AquaOasis Fountain Pump
Garden and Outdoor,BloomBelt Gardening Tool Belt
Garden and Outdoor,SunSeeker Retractable Awning
Garden and Outdoor,VineVirtue Garden Trellis
Garden and Outdoor,Evergreen Essence Tree Sapling
Garden and Outdoor,AlFresco Dining Set
Garden and Outdoor,BackyardBliss Outdoor Rug
Garden and Outdoor,CharmingChimes Wind Chimes
Garden and Outdoor,RoyalRest Adirondack Chair
Garden and Outdoor,TerraCotta Timepiece Sundial
Garden and Outdoor,GreenGrill Eco-Friendly Charcoal
Garden and Outdoor,GardenGlisten Reflective Balls
Garden and Outdoor,SweetSmoker Hickory Wood Chips
Garden and Outdoor,PatioPainter Deck Stain
Garden and Outdoor,LawnLegend Fertilizer Spreader
Garden and Outdoor,EcoEats Compostable Dinnerware
Garden and Outdoor,MulchMaster Garden Shredder
Garden and Outdoor,TranquilTiki Outdoor Lanterns
Garden and Outdoor,FernFrenzy Shade Plants
Garden and Outdoor,GreenhouseGroove Temperature Controller
Garden and Outdoor,MoonlightMagic Night Blooming Flowers
Garden and Outdoor,DewDrops Rain Barrel
Garden and Outdoor,VineyardVirtue Grape Vines
Garden and Outdoor,FlameFeast Firewood Rack
Garden and Outdoor,RoseReserve Garden Hose
Garden and Outdoor,GrillGuard Protective Cover
Garden and Outdoor,SapphireStream Pond Liner
Garden and Outdoor,NatureNap Swing Bed
Garden and Outdoor,GardenGuide Plant Identification Tags
Garden and Outdoor,PatioPerfection Cleaner
Garden and Outdoor,CropCradle Tomato Cage
Garden and Outdoor,StellarSeed Mix Wildflowers
Garden and Outdoor,HerbivoreHaven Animal Repellent
Garden and Outdoor,PrairiePioneer Landscape Fabric
Garden and Outdoor,OrchardOffering Fruit Tree Varietals
Garden and Outdoor,BackyardBloomers Annual Flower Mix
Garden and Outdoor,SmokeSavor Barbecue Flavor Infuser
Automotive Accessories,TurboTech Performance Exhaust System
Automotive Accessories,ClearView Advanced Windshield Wipers
Automotive Accessories,NightGlow LED Headlight Conversion Kit
Automotive Accessories,ArmorShell Truck Bed Liner
Automotive Accessories,DashCommand Center Console Organizer
Automotive Accessories,AeroFin Carbon Fiber Spoiler
Automotive Accessories,PowerPulse Battery Charger
Automotive Accessories,RoadGuardian Dash Cam
Automotive Accessories,SkyView Panoramic Sunroof Kit
Automotive Accessories,EcoClean Waterless Car Wash Spray
Automotive Accessories,SoundScape Premium Car Audio System
Automotive Accessories,SmoothRide Suspension Kit
Automotive Accessories,IronGrip Steering Wheel Cover
Automotive Accessories,SpeedShift Performance Gear Knob
Automotive Accessories,AutoGlow Underbody LED Lights
Automotive Accessories,PureAir Cabin Air Filter
Automotive Accessories,RapidRepair Tire Inflator Kit
Automotive Accessories,StealthLock Remote-Controlled Car Alarm
Automotive Accessories,SparkGenius Advanced Ignition Coils
Automotive Accessories,MirrorTech Rearview Camera System
Automotive Accessories,DiamondCut Alloy Wheels
Automotive Accessories,RoadWarrior All-Terrain Tires
Automotive Accessories,LeatherLux Seat Covers
Automotive Accessories,Prestige Car Key Fob Case
Automotive Accessories,ProTint Window Tinting Film
Automotive Accessories,CarbonCraft Dashboard Trim Kit
Automotive Accessories,CoolBreeze AC Recharge Kit
Automotive Accessories,ShineMaster Headlight Restoration Kit
Automotive Accessories,RoadMaster High-Performance Brake Pads
Automotive Accessories,EngineGuard Oil Pressure Sensor
Automotive Accessories,TrailTrek Roof Cargo Box
Automotive Accessories,EliteXenon HID Conversion Kit
Automotive Accessories,SoundBarrier Noise Reduction Material
Automotive Accessories,AeroDynamic Car Roof Racks
Automotive Accessories,ChargePro Portable Jump Starter
Automotive Accessories,LuxeLiner Custom Floor Mats
Automotive Accessories,SafeDrive Blind Spot Mirrors
Automotive Accessories,PristinePolish Chrome Cleaner
Automotive Accessories,SlickShift Transmission Fluid
Automotive Accessories,UltimateUV Sunshade
Automotive Accessories,ClearCoat Scratch Repair Pen
Automotive Accessories,VentFlow Air Conditioning Cleaner
Automotive Accessories,RimRevive Wheel Repair Kit
Automotive Accessories,OdorElim Car Freshener
Automotive Accessories,GripMaster Snow Chains
Automotive Accessories,ElectraCharge Electric Vehicle Charger
Automotive Accessories,SpeedometerPro Calibration Tool
Automotive Accessories,EngineRevive Fuel System Cleaner
Automotive Accessories,PaintPerfection Color Match Spray
Automotive Accessories,RustAway Undercoating Protection
Automotive Accessories,AeroWing Universal Spoilers
Automotive Accessories,PowerPort Dual USB Car Charger
Automotive Accessories,DashBright Dashboard Polish
Automotive Accessories,TireTrack Digital Pressure Gauge
Automotive Accessories,FluidCheck Brake Fluid Tester
Automotive Accessories,RadiantHeat Seat Heater Kit
Automotive Accessories,SecureStrap Ratchet Tie Down Set
Automotive Accessories,VisionX Off-Road Light Bar
Automotive Accessories,StealthTint Privacy Glass Film
Automotive Accessories,CoolTech Refrigerant Leak Detector
Automotive Accessories,FlexMount Adjustable Phone Holder
Automotive Accessories,NanoBond Ceramic Coating
Automotive Accessories,ShadowBlack Vinyl Wrap
Automotive Accessories,GearGuard Transmission Lock
Automotive Accessories,PrismVision Rear Projection HUD
Automotive Accessories,BoltBuddy Emergency Lug Nut Remover
Automotive Accessories,QuickConnect Trailer Hitch System
Automotive Accessories,SilentSeal Door Insulation Strip
Automotive Accessories,PolarShield Windshield Cover
Automotive Accessories,FuelSaver Pro Performance Chip
Automotive Accessories,SparkMaster Spark Plug Tool Set
Automotive Accessories,BreezeIntake Cold Air Intake System
Automotive Accessories,RoadReflex Suspension Stabilizer Bar
Automotive Accessories,CleanView Wiper Blade Refills
Automotive Accessories,SoundProof Cabin Insulation Foam
Automotive Accessories,AlloyArmor Wheel Protectant
Automotive Accessories,TouchTech Keyless Entry Pad
Automotive Accessories,CargoSecure Trunk Organizer
Automotive Accessories,MotionDetect Car Alarm Sensor
Automotive Accessories,PowerBoost Turbocharger Kit
Automotive Accessories,ShineOn Tire Shine Spray
Automotive Accessories,EngineMax Oil Additive
Automotive Accessories,BrakeBright LED Stop Lights
Automotive Accessories,AutoAdjust Headrest Monitor Mount
Automotive Accessories,ClutchMaster Clutch Kit
Automotive Accessories,FuelFix Fuel Cap Replacement
Automotive Accessories,LaserAlign Wheel Alignment Tool
Automotive Accessories,PanelPatch Dent Repair Kit
Automotive Accessories,GripTight Handbrake Cover
Automotive Accessories,GlareGuard Polarized Driving Glasses
Automotive Accessories,AeroFlow Performance Air Filter
Automotive Accessories,CrystalClear Headlamp Cleaner
Automotive Accessories,PowerPump Electric Tire Inflator
Automotive Accessories,UltraWash Pressure Washer
Automotive Accessories,SwiftScan OBD2 Scanner
Automotive Accessories,RoadClip Cup Holder Expander
Automotive Accessories,NightSight Driving Fog Lamps
Automotive Accessories,PaintGuard Clear Protection Film
Automotive Accessories,FlexFit Universal Mud Flaps
Automotive Accessories,SeatSaver Waterproof Seat Protector
Pet Supplies,WhiskerFeast Gourmet Cat Food
Pet Supplies,FetchMaster Durable Dog Frisbee
Pet Supplies,AquaPure Water Conditioner for Fish Tanks
Pet Supplies,PurrLuxe Self-Cleaning Litter Box
Pet Supplies,SnuggleSoft Plush Pet Bed
Pet Supplies,ChewTough Indestructible Dog Bone
Pet Supplies,FeatherFun Bird Toy Collection
Pet Supplies,NutriBites Premium Dog Treats
Pet Supplies,FelineShine Hairball Control Treats
Pet Supplies,BunnyBounce Rabbit Exercise Ball
Pet Supplies,SqueakJoy Interactive Mouse Toy
Pet Supplies,CanineShield Flea & Tick Collar
Pet Supplies,TurtleTreat Aquatic Turtle Food
Pet Supplies,FluffyCloud Memory Foam Cat Bed
Pet Supplies,ZoomGlide Retractable Dog Leash
Pet Supplies,BirdieChirp Parrot Talking Toy
Pet Supplies,PawProtect Winter Dog Boots
Pet Supplies,AquaticWonder Aquarium Decor Set
Pet Supplies,FurryFit Pet Weight Management Food
Pet Supplies,ScratchPal Cat Scratching Post
Pet Supplies,HamsterHaven Exercise Wheel
Pet Supplies,QuietNight Anti-Anxiety Dog Bed
Pet Supplies,PurePaws Hypoallergenic Shampoo
Pet Supplies,MightyMunch Crunchy Catnip Treats
Pet Supplies,TrailTracker GPS Pet Collar
Pet Supplies,PondFeast Koi Fish Food Pellets
Pet Supplies,BrightBeak Bird Beak Conditioner
Pet Supplies,WagWell Organic Dog Biscuits
Pet Supplies,GroomGenius Pet Hair Clipper
Pet Supplies,LizardLounge Heat Mat for Reptiles
Pet Supplies,FetchFrenzy Automatic Ball Launcher
Pet Supplies,AquaGlow LED Fish Tank Light
Pet Supplies,JoyJumps Dog Agility Training Set
Pet Supplies,PerfectPerch Window Mounted Cat Bed
Pet Supplies,CanineCalm CBD Oil for Dogs
Pet Supplies,FeatherFiesta Cockatiel Treat Sticks
Pet Supplies,KittyKraze Interactive Laser Toy
Pet Supplies,WhiskerWash Pet Grooming Gloves
Pet Supplies,SniffSnack Scented Chew Toys
Pet Supplies,ComfyCave Covered Dog Bed
Pet Supplies,BreatheEasy Pet Air Purifier
Pet Supplies,PawPedic Orthopedic Pet Mattress
Pet Supplies,MightyMeow Cat Climbing Tower
Pet Supplies,BiscuitBrew Dog Tea Supplements
Pet Supplies,PlayPond Fish Feeding Ring
Pet Supplies,RodentRomp Small Animal Playpen
Pet Supplies,BrightBite Dental Cleaning Treats
Pet Supplies,CritterCuddle Small Pet Carrier
Pet Supplies,TurtleTop Floating Basking Platform
Pet Supplies,FeatherFast Bird Molting Supplement
Pet Supplies,JingleJaws Durable Squeaky Toy
Pet Supplies,OmegaOil Skin & Coat Supplement
Pet Supplies,EasyEats Slow Feeder Dog Bowl
Pet Supplies,HappyHooves Equine Health Snacks
Pet Supplies,FeatheredFriends Birdhouse Kit
Pet Supplies,ScaleSoothe Reptile Skin Cream
Pet Supplies,PureWhisker Cat Water Fountain
Pet Supplies,FurryFriend Custom Pet Tags
Pet Supplies,BurrowBuddy Hamster Bedding
Pet Supplies,VibrantVista Aquarium Background
Pet Supplies,SnackSphere Treat Dispensing Ball
Pet Supplies,CoolCoat Dog Cooling Vest
Pet Supplies,NatureNibble Rabbit Hay Feeder
Pet Supplies,KittyKorner Cat Door Hinge
Pet Supplies,PawsitiveMood Dog Aromatherapy Sprays
Pet Supplies,FleeceFiesta Guinea Pig Blanket
Pet Supplies,ChaseChomp Interactive Cat Toy
Pet Supplies,NoFlea Plus Spot-On Treatment
Pet Supplies,SunnySeat Window Perch for Cats
Pet Supplies,JogAlong Pet Stroller
Pet Supplies,NightBright LED Dog Collar
Pet Supplies,HerbalHeal Pet Wound Ointment
Pet Supplies,CanineCuisine Premium Wet Dog Food
Pet Supplies,BirdBath Solar-Powered Fountain
Pet Supplies,Hideaway Hamster Nest
Pet Supplies,DentaCare Daily Oral Rinse for Pets
Pet Supplies,PurrfectPlay Cat Teaser Wand
Pet Supplies,PoochPouch Front Dog Carrier
Pet Supplies,AquaticLife Underwater Aquarium Pump
Pet Supplies,GoldenYears Senior Dog Supplements
Pet Supplies,FelineFine Catnip Spray
Pet Supplies,QuickClean Pet Waste Scooper
Pet Supplies,PetPicnic Portable Food & Water Bowl
Pet Supplies,ThunderWrap Anxiety Relief Pet Wrap
Pet Supplies,AdventureLeash Hands-Free Running Leash
Pet Supplies,CozyCritter Heated Pet Mat
Pet Supplies,EasyGlide Pet Nail Trimmer
Pet Supplies,FreshFeather Parakeet Diet Seed Mix
Pet Supplies,MightyRoar Lion Mane Dog Costume
Pet Supplies,PurelyPaws Ear Cleaning Solution
Pet Supplies,KittenMittens Soft Nail Caps
Pet Supplies,FluffDry High-Velocity Pet Dryer
Pet Supplies,ScentSational Pet Deodorizing Spray
Pet Supplies,Paw
Pet Supplies,WhiskerWisp Cat Toy Wand
Pet Supplies,FetchField Natural Rubber Dog Ball
Pet Supplies,SootheSoft Calming Pet Bed
Pet Supplies,Aquamarine Dream Fish Tank Ornament
Pet Supplies,TrailTrekker Collapsible Dog Bowl
Pet Supplies,FeatherFolly Interactive Bird Toy
Jewelry and Watches,Celestial Charm Pendant Necklace
Jewelry and Watches,Midnight Sparkle Stud Earrings
Jewelry and Watches,Timeless Elegance Pocket Watch
Jewelry and Watches,Ocean Whisper Pearl Necklace
Jewelry and Watches,Aurora Halo Diamond Earrings
Jewelry and Watches,Solar Flare Chronograph Watch
Jewelry and Watches,Mystic Moonstone Drop Necklace
Jewelry and Watches,Radiant Sunburst Hoop Earrings
Jewelry and Watches,Infinity Loop Leather Watch
Jewelry and Watches,Vintage Vine Engraved Necklace
Jewelry and Watches,Crystal Cascade Chandelier Earrings
Jewelry and Watches,Horizon Line Smartwatch
Jewelry and Watches,Enchanted Forest Pendant
Jewelry and Watches,Starlight Symphony Earrings
Jewelry and Watches,Lunar Phase Automatic Watch
Jewelry and Watches,Whispering Willow Leaf Necklace
Jewelry and Watches,Golden Hour Stud Earrings
Jewelry and Watches,Urban Elegance Mesh Watch
Jewelry and Watches,Sapphire Sea Locket Necklace
Jewelry and Watches,Twilight Twinkle Drop Earrings
Jewelry and Watches,Classic Heritage Pocket Watch
Jewelry and Watches,Secret Garden Charm Necklace
Jewelry and Watches,Rose Gold Bliss Hoop Earrings
Jewelry and Watches,Voyager World Time Watch
Jewelry and Watches,Regal Ruby Heart Necklace
Jewelry and Watches,Shimmering Snowflake Earrings
Jewelry and Watches,Navigator's Vintage Chronograph
Jewelry and Watches,Phoenix Fire Pendant Necklace
Jewelry and Watches,Eclipse Shadow Stud Earrings
Jewelry and Watches,Metropolitan Smartwatch
Jewelry and Watches,Harmony Songbird Necklace
Jewelry and Watches,Opulent Orbit Circle Earrings
Jewelry and Watches,Timekeeper's Heirloom Watch
Jewelry and Watches,Dazzling Daisy Chain Necklace
Jewelry and Watches,Aurora Borealis Teardrop Earrings
Jewelry and Watches,Pioneer Spirit Smartwatch
Jewelry and Watches,Tranquil Tide Gemstone Necklace
Jewelry and Watches,Majesty Crown Earrings
Jewelry and Watches,Old World Classic Watch
Jewelry and Watches,Butterfly Bliss Pendant Necklace
Jewelry and Watches,Silver Lining Hoop Earrings
Jewelry and Watches,Perpetual Motion Kinetic Watch
Jewelry and Watches,Celestial Bodies Layered Necklace
Jewelry and Watches,Art Deco Elegance Earrings
Jewelry and Watches,Urban Pulse Digital Watch
Jewelry and Watches,Whispering Wind Feather Necklace
Jewelry and Watches,Midnight Masquerade Stud Earrings
Jewelry and Watches,Heritage Heirloom Pocket Watch
Jewelry and Watches,Ocean's Embrace Coral Necklace
Jewelry and Watches,Fiery Comet Drop Earrings
Jewelry and Watches,Elite Navigator Pilot Watch
Jewelry and Watches,Serene Lotus Blossom Necklace
Jewelry and Watches,Glittering Galaxy Hoop Earrings
Jewelry and Watches,Executive Precision Watch
Jewelry and Watches,Majestic Peacock Pendant Necklace
Jewelry and Watches,Vintage Lace Filigree Earrings
Jewelry and Watches,Aviator's Timeless Chronograph
Jewelry and Watches,Ethereal Spirit Dreamcatcher Necklace
Jewelry and Watches,Cascading Waterfall Earrings
Jewelry and Watches,Rugged Explorer Smartwatch
Jewelry and Watches,Glimmering Twilight Star Necklace
Jewelry and Watches,Lustrous Leaf Stud Earrings
Jewelry and Watches,Masterpiece Mechanical Watch
Jewelry and Watches,Heart of the Ocean Necklace
Jewelry and Watches,Golden Sunburst Earrings
Jewelry and Watches,Urban Modernist Watch
Jewelry and Watches,Radiant Rose Pendant Necklace
Jewelry and Watches,Enchanted Emerald Earrings
Jewelry and Watches,Aristocrat Antique Pocket Watch
Jewelry and Watches,Blooming Blossom Necklace
Jewelry and Watches,Swirling Wind Chime Earrings
Jewelry and Watches,Precision Crafted Tourbillon Watch
Jewelry and Watches,Eternal Flame Memorial Necklace
Jewelry and Watches,Sparkling Spiral Hoop Earrings
Jewelry and Watches,Adventurer's World Timer Watch
Jewelry and Watches,Mystical Moon Pendant Necklace
Jewelry and Watches,Baroque Beauty Drop Earrings
Jewelry and Watches,Grand Tourbillon Mechanical Watch
Jewelry and Watches,Soaring Spirit Eagle Necklace
Jewelry and Watches,Twilight's Last Gleaming Earrings
Jewelry and Watches,Cosmopolitan Connect Smartwatch
Jewelry and Watches,Divine Divinity Cross Necklace
Jewelry and Watches,Royal Regalia Crown Earrings
Jewelry and Watches,Time Traveler Pocket Watch
Jewelry and Watches,Whimsical Whirlwind Pendant Necklace
Jewelry and Watches,Dancing Dragonfly Earrings
Jewelry and Watches,Elite Executive Wristwatch
Jewelry and Watches,Sacred Geometry Pendant Necklace
Jewelry and Watches,Prismatic Light Hoop Earrings
Jewelry and Watches,Vanguard Visionary Smartwatch
Jewelry and Watches,Angel's Whisper Necklace
Jewelry and Watches,Rhapsody in Blue Sapphire Earrings
Jewelry and Watches,Legacy Luxury Watch
Jewelry and Watches,Dreamcatcher's Delight Necklace
Jewelry and Watches,Silver Serenade Chandelier Earrings
Jewelry and Watches,Quantum Leap Smartwatch
Jewelry and Watches,Harmony in Heart Necklace
Jewelry and Watches,Gilded Glamour Stud Earrings
Jewelry and Watches,Renaissance Revival Pocket Watch
Jewelry and Watches,Star Voyager Astronomical Watch
Music and Movies,"""Eclipse"" - Limited Edition Vinyl by Luna Harmonics"
Music and Movies,"""RetroGroove Classics"" - 80s Hits Compilation CD"
Music and Movies,"""Midnight Jazz Sessions"" - Live Concert DVD"
Music and Movies,"""Urban Anthems"" - Vinyl Collection of City Beats"
Music and Movies,"""Golden Oldies"" - Remastered Hits CD Box Set"
Music and Movies,"""Cinema Legends"" - Collector’s Edition Classic Films DVD"
Music and Movies,"""Acoustic Serenity"" - Meditation Music Vinyl"
Music and Movies,"""Dance Floor Fire"" - Top Club Hits CD"
Music and Movies,"""Epic Soundtracks"" - Iconic Movie Scores Vinyl Series"
Music and Movies,"""Rock Revolution"" - Definitive Collection CD"
Music and Movies,"""Vinyl Vibes"" - Chill Lo-fi Beats Record"
Music and Movies,"""Soulful Sessions"" - Live R&B and Soul DVD"
Music and Movies,"""Guitar Gods"" - Legendary Solos Vinyl Edition"
Music and Movies,"""Indie Invasion"" - Breakthrough Artists Compilation CD"
Music and Movies,"""Horror Classics"" - Ultimate Scary Movies DVD Set"
Music and Movies,"""Techno Pulse"" - Essential Dance Tracks Vinyl"
Music and Movies,"""Unplugged"" - Acoustic Hits from the 90s CD"
Music and Movies,"""Cinematic Journeys"" - Epic Film Collection DVD"
Music and Movies,"""Vinyl Renaissance"" - The Revival Mix"
Music and Movies,"""The Jazz Experience"" - Essential Recordings CD"
Music and Movies,"""Action Heroes"" - High-Octane Films DVD Collection"
Music and Movies,"""Reggae Roots"" - Iconic Tracks Vinyl Edition"
Music and Movies,"""Divas of the Decades"" - Female Vocalists CD"
Music and Movies,"""Sci-Fi Sagas"" - Legendary Series DVD Box Set"
Music and Movies,"""Blues Highway"" - Classic Blues Compilation Vinyl"
Music and Movies,"""Pop Icons"" - Ultimate Hits CD"
Music and Movies,"""Thriller Nights"" - Classic Suspense Movies DVD"
Music and Movies,"""Rockabilly Riot"" - Vintage Vinyl Collection"
Music and Movies,"""Opera Masterpieces"" - Timeless Performances CD"
Music and Movies,"""Family Favorites"" - Animated Classics DVD Set"
Music and Movies,"""Vinyl Nights"" - Smooth Jazz Edition"
Music and Movies,"""Country Roads"" - Legendary Country Hits CD"
Music and Movies,"""Epic Adventures"" - Fantasy & Action DVD Series"
Music and Movies,"""Punk Power"" - Raw and Rebellious Vinyl"
Music and Movies,"""Singer-Songwriter Souls"" - Inspirational CD"
Music and Movies,"""Comedy Gold"" - Timeless Stand-up and Films DVD"
Music and Movies,"""Vinyl Dreams"" - Psychedelic Rock Collection"
Music and Movies,"""Classical Harmony"" - Essential Classics CD"
Music and Movies,"""Mystery & Magic"" - Enchanting Films DVD Box Set"
Music and Movies,"""Retro Disco"" - Ultimate Party Vinyl"
Music and Movies,"""Legends Live"" - Iconic Concerts CD"
Music and Movies,"""Cult Classics"" - Underground Films DVD Collection"
Music and Movies,"""Groove Galaxy"" - Funk and Soul Vinyl"
Music and Movies,"""Melodic Memories"" - Nostalgic Hits CD"
Music and Movies,"""Animation Anthology"" - Beloved Cartoons DVD"
Music and Movies,"""Vinyl Frontier"" - Space Age Sounds Record"
Music and Movies,"""Ballads of the Heart"" - Romantic Hits CD"
Music and Movies,"""Documentary Discoveries"" - Enlightening Films DVD"
Music and Movies,"""Holiday Harmonies"" - Festive Vinyl Collection"
Music and Movies,"""Soundscapes"" - Ambient and New Age CD"
Music and Movies,"""War Epics"" - Historic Battle Movies DVD Set"
Music and Movies,"""Beat Breakers"" - Essential Hip-Hop Vinyl"
Music and Movies,"""Grunge Legends"" - 90s Rock Icons CD"
Music and Movies,"""Wild West"" - Classic Westerns DVD Collection"
Music and Movies,"""Vinyl Revival"" - Garage Band Gems"
Music and Movies,"""Symphonic Splendor"" - Classical Masterworks CD"
Music and Movies,"""Laugh Out Loud"" - Comedy Hits DVD"
Music and Movies,"""ElectroWave"" - Synth-Pop and Electronic Vinyl"
Music and Movies,"""Vocal Virtuosos"" - Live Opera and Classical CD"
Music and Movies,"""Romantic Comedies"" - Heartwarming Films DVD"
Music and Movies,"""Vinyl Escape"" - Ambient Nature Sounds Record"
Music and Movies,"""Power Ballads"" - Epic Love Songs CD"
Music and Movies,"""Musical Masterpieces"" - Broadway Shows DVD Set"
Music and Movies,"""Indie Innovators"" - Experimental Sounds Vinyl"
Music and Movies,"""Motown Magic"" - Soulful Hits Compilation CD"
Music and Movies,"""Film Noir Classics"" - Vintage Crime Dramas DVD"
Music and Movies,"""Vinyl Grooves"" - Rare Funk & Soul Collection"
Music and Movies,"""Metal Mayhem"" - Headbanging Hits CD"
Music and Movies,"""Nature’s Wonders"" - Scenic Documentaries DVD"
Music and Movies,"""Underground Vinyl"" -"
Music and Movies,"""Echoes of Eternity"" - Ambient Sounds Vinyl"
Music and Movies,"""Retro Grooves"" - Classic Hits Vinyl Collection"
Music and Movies,"""Midnight Serenade"" - Jazz CD Compilation"
Music and Movies,"""Galactic Journeys"" - Sci-Fi Movie DVD"
Music and Movies,"""Rhythms of the Rainforest"" - Nature Sounds CD"
Music and Movies,"""Golden Age Cinema"" - Classic Films DVD Box Set"
Music and Movies,"""Urban Beats"" - Hip-Hop Vinyl Anthology"
Music and Movies,"""Siren Songs"" - Female Vocalists Vinyl Record"
Music and Movies,"""High Tide"" - Surf Rock Classics CD"
Music and Movies,"""Candlelight Classics"" - Romantic Music Vinyl"
Music and Movies,"""Silver Screen Scores"" - Movie Soundtracks CD"
Music and Movies,"""Beyond the Horizon"" - Adventure Documentary DVD"
Music and Movies,"""Nostalgic Notes"" - 80s Hits Record Collection"
Music and Movies,"""Haunting Melodies"" - Gothic Rock CD"
Music and Movies,"""Laugh Out Loud"" - Comedy Specials DVD Set"
Music and Movies,"""Soulful Strums"" - Acoustic Guitar Vinyl Album"
Music and Movies,"""Dreamscapes"" - Electronic Ambient DVD"
Music and Movies,"""Legends of Blues"" - Essential Blues Vinyl"
Music and Movies,"""Starlight Ballads"" - Classic Love Songs CD"
Music and Movies,"""Mystery Theatre"" - Thriller Movie Collection DVD"
Music and Movies,"""Sunrise Sessions"" - Morning Jazz CD Set"
Music and Movies,"""Vinyl Vibes"" - Indie Hits Record Compilation"
Music and Movies,"""Epic Tales"" - Historical Drama DVD Series"
Music and Movies,"""Heartland Harmonies"" - Country Classics Vinyl"
Music and Movies,"""Rock Revolution"" - Legendary Rock Albums CD"
Music and Movies,"""Dance Floor Anthems"" - Disco and Funk Vinyl"
Music and Movies,"""Cinema Icons"" - Award-Winning Films DVD"
Music and Movies,"""Acoustic Essence"" - Singer-Songwriter CD"
Music and Movies,"""Vinyl Frontier"" - Space-Themed Music Record"
Music and Movies,"""Comedy Gold"" - Stand-Up Classics DVD Collection"
Computer and Software,CyberCore Gaming Laptop
Computer and Software,QuantumByte SSD Drive
Computer and Software,EchoSync Wireless Earbuds for Gamers
Computer and Software,PixelPro 4K Monitor
Computer and Software,ThunderNet High-Speed Router
Computer and Software,StealthTouch Backlit Mechanical Keyboard
Computer and Software,VisionQuest VR Headset
Computer and Software,AlphaWave Noise-Cancelling Headphones
Computer and Software,RazorSharp Graphics Tablet
Computer and Software,PhotonBeam Projector
Computer and Software,StreamMaster Live Streaming Kit
Computer and Software,CodeCraft Developer Software Suite
Computer and Software,InfinityPad Drawing Tablet
Computer and Software,ZenithPower Desktop PSU
Computer and Software,CloudVault Personal Storage Solution
Computer and Software,VirtualStudio Video Editing Software
Computer and Software,TitanCase Waterproof Laptop Case
Computer and Software,HyperLink USB-C Hub
Computer and Software,NovaShield Anti-Virus Software
Computer and Software,PulseAudio Sound Mixer
Computer and Software,OrbitTrack Satellite Mouse
Computer and Software,NebulaCloud Web Hosting Service
Computer and Software,LightningPort Portable Charger
Computer and Software,CryptoSafe Encryption Software
Computer and Software,AeroCool Silent PC Fan
Computer and Software,SwiftScan Document Scanner
Computer and Software,PrecisionPen Stylus
Computer and Software,BlackOut Privacy Screen Filter
Computer and Software,DreamColor LED Strip Lights
Computer and Software,DataDefender Firewall Appliance
Computer and Software,UltraFlex Folding Bluetooth Keyboard
Computer and Software,GhostDrive External Hard Drive
Computer and Software,SpectrumPro Color Calibration Tool
Computer and Software,MasterMind Strategy Game Software
Computer and Software,StarField Laser Pointer
Computer and Software,AquaProof Keyboard Cover
Computer and Software,IronLock VPN Service
Computer and Software,PowerSurge Protector Strip
Computer and Software,OmniPrint 3D Printer
Computer and Software,ZenStream Streaming Device
Computer and Software,EchoMic USB Microphone
Computer and Software,CyberGuard Webcam Cover
Computer and Software,TitanGrip Gaming Mouse
Computer and Software,PixelPerfect Photo Printer
Computer and Software,SolarSync Solar-Powered Wireless Mouse
Computer and Software,ThunderCharge Fast Charging Dock
Computer and Software,BinaryBand Smartwatch
Computer and Software,VisionEnhance Screen Magnifier
Computer and Software,SoundSphere Desktop Speakers
Computer and Software,DataDive Recovery Software
Computer and Software,FusionPad Dual OS Tablet
Computer and Software,GlideTouch Touchpad Enhancer
Computer and Software,MemoryMatrix RAM Upgrade Kit
Computer and Software,UltraView Desktop Organizer
Computer and Software,SpaceSaver Compact Keyboard
Computer and Software,PowerBoost Battery Pack
Computer and Software,SecureKey USB Encryption Key
Computer and Software,AirBridge WiFi Extender
Computer and Software,PixelCraft Digital Art Software
Computer and Software,SwiftKey Programmable Macro Keyboard
Computer and Software,NetNinja Ad Blocker
Computer and Software,HarmonyHub Smart Home Controller
Computer and Software,CircuitMaster Electronics Toolkit
Computer and Software,PhantomDrive Virtual Drive Software
Computer and Software,SparkLight LED Task Lamp
Computer and Software,QuantumLeap Time Management App
Computer and Software,OmniHub Multi-Device Dock
Computer and Software,ShieldCase Anti-Shock Laptop Sleeve
Computer and Software,BeatBlast Music Production Software
Computer and Software,IronFrame Rugged Tablet Stand
Computer and Software,TorrentStream Media Server
Computer and Software,PixelShade Blue Light Filter Glasses
Computer and Software,ArcticChill CPU Liquid Cooler
Computer and Software,ProTune Audio Interface
Computer and Software,FlashFire Gaming Controller
Computer and Software,UnityDock Universal Docking Station
Computer and Software,PrintMaster 3D Printing Filament
Computer and Software,LunarLight Night Vision Webcam
Computer and Software,Thunderbolt External SSD
Computer and Software,CodeCompiler Programming IDE
Computer and Software,PinnaclePro Video Conference Camera
Computer and Software,CrystalClear Monitor Cleaning Kit
Computer and Software,OmegaCharge Wireless Charging Mat
Computer and Software,SoundWave Bluetooth Speakerphone
Computer and Software,StreamLine Content Management System
Computer and Software,VirtualBoard Interactive Whiteboard
Computer and Software,TaskTitan Productivity Planner Software
Computer and Software,CloudConnect IoT Gateway
Computer and Software,DragonFire Network Security Scanner
Computer and Software,InfinityDisplay Curved Monitor
Computer and Software,PhantomVPN Virtual Private Network Service
Computer and Software,PulseTracker Fitness Tracking Software
Computer and Software,SpaceTech Astronomy Software
Computer and Software,RapidRender Video Rendering GPU
Computer and Software,EchoBackup Online Backup Service
Computer and Software,OmniReader RFID Scanner
Computer and Software,CyberSentry Home Security Software
Computer and Software,SmartSync File Synchronization Tool
Computer and Software,UltraCast Streaming Stick
Computer and Software,NetCraft Website Builder Toolkit
Office Supplies,ProOrganize Desk Tray Set
Office Supplies,ClearMind Whiteboard System
Office Supplies,SpaceSaver Collapsible File Organizer
Office Supplies,Streamline Stapler
Office Supplies,PrecisionPoint Gel Pens
Office Supplies,UltraBind Binding Machine
Office Supplies,QuietPrint Wireless Printer
Office Supplies,ZenDesk Bamboo Organizer
Office Supplies,ChargeHub USB Charging Station
Office Supplies,BrightView Desk Lamp
Office Supplies,Infinity Cork Bulletin Board
Office Supplies,SmoothGlide Tape Dispenser
Office Supplies,ArchiveMaster Document Scanner
Office Supplies,Visionary Dry-Erase Markers
Office Supplies,EcoNote Recycled Notebooks
Office Supplies,CompactCut Paper Shredder
Office Supplies,SwiftScan Portable Document Scanner
Office Supplies,TaskTracker Weekly Planner
Office Supplies,PowerPort Desktop Power Strip
Office Supplies,Harmony Headphones with Mic
Office Supplies,ClipCatch Magnetic Paperclip Holder
Office Supplies,PeakPerformance Ergonomic Chair
Office Supplies,SecureLock Filing Cabinets
Office Supplies,ClearThought Glass Desk Mat
Office Supplies,SwiftSort Mail Sorter
Office Supplies,ColorPop Highlighter Set
Office Supplies,EasyFile Hanging File Folders
Office Supplies,MaxStorage Box Files
Office Supplies,QuickConnect Conference Speaker
Office Supplies,ZenGarden Desk Organizer
Office Supplies,SharpEdge Safety Scissors
Office Supplies,MasterMind Desk Calendar
Office Supplies,SilentKey Wireless Keyboard
Office Supplies,FlexiRack Adjustable Shelving
Office Supplies,BrilliantIdea Desk Lamp with Organizer
Office Supplies,PrecisePen Stylus and Pen Combo
Office Supplies,EcoCraft Biodegradable Pens
Office Supplies,MegaMemo Sticky Note Set
Office Supplies,SleekSpace Monitor Stand
Office Supplies,PureAir Desktop Air Purifier
Office Supplies,Executive Leather Desk Pad
Office Supplies,QuickLabel Label Maker
Office Supplies,PrimePaper Printer Paper
Office Supplies,DuoTone Color Coding Labels
Office Supplies,SmartSort Drawer Dividers
Office Supplies,ArchivePlus Expanding File
Office Supplies,CrystalClear Monitor Riser
Office Supplies,MobileMaster Laptop Stand
Office Supplies,GripWrite Comfort Grip Pens
Office Supplies,EliteEnvelope Security Envelopes
Office Supplies,OptimaIndex Tab Dividers
Office Supplies,EasyErase Board Cleaner
Office Supplies,SecureSafe Desktop Safe
Office Supplies,TaskLight Clip-on Desk Lamp
Office Supplies,ColorCode File Labels
Office Supplies,WriteWell Fountain Pens
Office Supplies,Signature Series Executive Pen Set
Office Supplies,NoteNest Desktop Note Holder
Office Supplies,SleekSlide Presentation Pointer
Office Supplies,SmartStore Compact Flash Drives
Office Supplies,PowerPrint High-Speed Printer
Office Supplies,SoftTouch Mouse Pad
Office Supplies,MultiMount Adjustable Phone Holder
Office Supplies,TidyTray Desktop Organizer
Office Supplies,Precision Draft Mechanical Pencils
Office Supplies,SpacePlus Under Desk Storage
Office Supplies,Infinity Planner Premium Edition
Office Supplies,SwiftShred Manual Hand Shredder
Office Supplies,DeskDeco Minimalist Vase
Office Supplies,ClipHub Paperclip Dispenser
Office Supplies,MemoMaster Voice-Activated Recorder
Office Supplies,BalanceBoard Standing Desk Platform
Office Supplies,FocusLight LED Task Light
Office Supplies,ChargeMate Wireless Charging Pad
Office Supplies,EasyAccess Keyboard Tray
Office Supplies,CraftCorner Desk Scissors
Office Supplies,PureWrite Erasable Gel Pens
Office Supplies,KeepItTidy Cable Management Clips
Office Supplies,ArchiveBox Decorative Storage Boxes
Office Supplies,SmartScan QR Code Scanner
Office Supplies,UltraOrganize File Management Software
Office Supplies,PremiumPrint Laser Toner Cartridges
Office Supplies,ClipOn Webcam Privacy Cover
Office Supplies,DeskDynamo Handheld Vacuum
Office Supplies,VisionPlus Magnifying Glass
Office Supplies,LuxeLiner Drawer Liners
Office Supplies,SwiftClick Presentation Remote
Office Supplies,OrganizeIt Shelving Unit
Office Supplies,MarkIt Permanent Markers
Office Supplies,MultiTask Multifunction Printer
Office Supplies,ComfortCraft Ergonomic Footrest
Office Supplies,SmartPen Digital Pen
Office Supplies,ArchiveAssistant Labeling Tape
Office Supplies,PowerDesk Height-Adjustable Desk
Office Supplies,ColorCraft Art Supply Caddy
Office Supplies,SecureClip Bulldog Clips
Office Supplies,TaskTape Adhesive Tape Rolls
Office Supplies,NoteNook Spiral Notebooks
Office Supplies,StandStrong Laptop Riser
Office Supplies,GlideMouse Ergonomic Mouse
Travel Accessories,AeroTrek Hardshell Spinner Suitcase
Travel Accessories,VoyagePro Travel Backpack
Travel Accessories,JetSetter Compact Carry-On
Travel Accessories,GlobeTrotter Duffel Bag
Travel Accessories,PassportPouch RFID Blocking Holder
Travel Accessories,SkyHigh Overhead Backpack
Travel Accessories,AdventurePack All-Terrain Luggage
Travel Accessories,NomadNest Foldable Travel Organizer
Travel Accessories,InfinityRoller Expandable Suitcase
Travel Accessories,HorizonHopper Weekend Bag
Travel Accessories,Tranquility Neck Pillow
Travel Accessories,CompactCase Toiletry Organizer
Travel Accessories,WanderWheel Rolling Briefcase
Travel Accessories,DestinationDuo Twin Packing Cubes
Travel Accessories,JourneyJacket Luggage Cover
Travel Accessories,SafeTravels Money Belt
Travel Accessories,ExplorerElite Laptop Sleeve
Travel Accessories,TrekTech Multi-Tool Keychain
Travel Accessories,SerenitySleep Eye Mask
Travel Accessories,TravelTide Compression Socks
Travel Accessories,QuestQuiver Crossbody Bag
Travel Accessories,RoamRite 4-Wheel Spinner
Travel Accessories,SwiftSprint Shoe Bags
Travel Accessories,MotionMate High-Capacity Backpack
Travel Accessories,PeacefulPassage Ear Plugs
Travel Accessories,NomadNote Travel Journal
Travel Accessories,ZipZap Electronics Organizer
Travel Accessories,MileHigh Mini Steamer
Travel Accessories,GlobalGrip Ergonomic Luggage Handle
Travel Accessories,VoyageVault Portable Safe
Travel Accessories,TrekTeller Digital Luggage Scale
Travel Accessories,PathFinder LED Luggage Tag
Travel Accessories,JourneyJoy Waterproof Pouch
Travel Accessories,SwiftSwap Reversible Jacket
Travel Accessories,TravelTrio 3-in-1 Adapter
Travel Accessories,FreedomFold Garment Bag
Travel Accessories,ComfortCarry Padded Strap
Travel Accessories,SkySleeper Inflatable Pillow
Travel Accessories,Wanderlust Wallet with Power Bank
Travel Accessories,NavigatorNap Travel Blanket
Travel Accessories,FlashFind Key Finder
Travel Accessories,PeacePack Anti-Theft Backpack
Travel Accessories,TerraTrack Collapsible Water Bottle
Travel Accessories,QuickClip Multi-Purpose Clip
Travel Accessories,SecureStep TSA Lock
Travel Accessories,HorizonView Binoculars
Travel Accessories,PocketProof Pickpocket-Proof Pants
Travel Accessories,TranquilTravel Tea Infuser Bottle
Travel Accessories,RoamingRay Solar Charger
Travel Accessories,JourneyJewel Travel Jewelry Case
Travel Accessories,UltimateUmbrella Windproof Travel Umbrella
Travel Accessories,VentureVest Travel Vest with Hidden Pockets
Travel Accessories,EcoEscape Reusable Travel Bottles
Travel Accessories,TimeTraveler World Time Watch
Travel Accessories,Pathfinder Portable Hammock
Travel Accessories,OrbitOrganizer Electronics Pouch
Travel Accessories,NomadicKnit Packable Down Jacket
Travel Accessories,MemoryMilestones Scratch-Off World Map
Travel Accessories,GlobeGuard Eco-Friendly Sunscreen
Travel Accessories,TrekTape Duct Tape Keychain
Travel Accessories,SafeStep Retractable Cable Lock
Travel Accessories,AllWeather Wrist Wallet
Travel Accessories,QuickDry Microfiber Towel
Travel Accessories,SmartSpace Vacuum Packing Bags
Travel Accessories,WanderWrap Convertible Scarf
Travel Accessories,AirAssist Flight Compression Bracelet
Travel Accessories,FlexFit Foldable Hat
Travel Accessories,StellarSack Sleeping Bag Liner
Travel Accessories,PassportPanorama Travel Wallet
Travel Accessories,MiniMedic First Aid Kit
Travel Accessories,VentureVials Travel Spice Kit
Travel Accessories,QuietQuest Noise-Canceling Headphones
Travel Accessories,ChargeChain Multi-Country Charger
Travel Accessories,LightLook Clip-On Reading Light
Travel Accessories,PocketPilot Mini Compass
Travel Accessories,SnapSafe TSA-Approved Luggage Lock
Travel Accessories,StrollStrap Bag Bungee
Travel Accessories,JourneyJolt Portable Espresso Maker
Travel Accessories,SafeSip Drink Protector
Travel Accessories,CloudComfort Inflatable Seat Cushion
Travel Accessories,TrekTrim Travel Grooming Kit
Travel Accessories,WanderWheel Luggage Wheels
Travel Accessories,SecureSleeve Passport Protector
Travel Accessories,FlightFlask Reusable Travel Flask
Travel Accessories,EcoExpedition Bamboo Cutlery Set
Travel Accessories,EasyExplore Handheld GPS Device
Travel Accessories,TravelTwist Universal Sink Plug
Travel Accessories,SnapShot Compact Camera Bag
Travel Accessories,PillPod Mini Medicine Organizer
Travel Accessories,JetLag Defender Eye Serum
Travel Accessories,RefreshRinse Portable Shower
Travel Accessories,ZipZenity Anti-Stress Kit
Travel Accessories,AdventureAid Sewing Kit
Travel Accessories,GlobalGadget Multi-Currency Money Clip
Travel Accessories,TranquilTunes Travel Speaker
Travel Accessories,VitalVista Travel Health Monitor
Travel Accessories,JourneyJive Bluetooth Tracker
Travel Accessories,QuestQuilt Packable Travel Quilt
Travel Accessories,SecureStrap Luggage Strap with Scale
Travel Accessories,GlideGear Foldable Travel Slippers
Seasonal Items,WinterWhirl Snow Globe
Seasonal Items,AutumnHarvest Pumpkin Spice Kit
Seasonal Items,SpringBlossom Garden Flags
Seasonal Items,SummerSplash Pool Party Set
Seasonal Items,SpookySpectacle Halloween Decor Kit
Seasonal Items,FestiveFrost Christmas Ornament Collection
Seasonal Items,EasterEnchantment Egg Decorating Kit
Seasonal Items,HarvestHue Fall Leaf Garland
Seasonal Items,BeachBliss Summer Towel Collection
Seasonal Items,NoelNights Holiday Lighting System
Seasonal Items,ValentineVibes Romantic Gift Set
Seasonal Items,IndependenceIgnite Patriotic Fireworks Kit
Seasonal Items,AutumnAroma Scented Candles
Seasonal Items,SnowSeeker Winter Sports Gear
Seasonal Items,SpringAwaken Seed Starter Kit
Seasonal Items,SummerSizzle BBQ Essentials
Seasonal Items,HauntHarbor Halloween Costume Selection
Seasonal Items,YuletideYarns Festive Storybook Collection
Seasonal Items,EasterEggstravaganza Basket Fillers
Seasonal Items,ThanksgivingTable Gourmet Cooking Ingredients
Seasonal Items,WinterWarmth Heated Blanket
Seasonal Items,SpringSprout Planting Pots
Seasonal Items,SolsticeSunset Outdoor Lighting
Seasonal Items,HalloweenHaunt Spooky Sound Effects Machine
Seasonal Items,MerryMantel Stocking Holder Set
Seasonal Items,BunnyBounce Inflatable Easter Decor
Seasonal Items,AutumnAmbiance Fireplace Tools
Seasonal Items,SummerSerenade Night Lanterns
Seasonal Items,GhostlyGlow Halloween Lanterns
Seasonal Items,FrostFete Ice Sculpture Mold
Seasonal Items,SpringScent Floral Diffuser Set
Seasonal Items,LibertyLanterns Fourth of July Decor
Seasonal Items,HarvestHome Baking Dish Set
Seasonal Items,BeachBound Sandcastle Kit
Seasonal Items,SpookyShadows Halloween Projector
Seasonal Items,YuleTide Carol Karaoke Machine
Seasonal Items,EggHunt Easter Activity Set
Seasonal Items,CornucopiaCraft Thanksgiving Decor Kit
Seasonal Items,SnowflakeSpiral Winter Wonderland Decor
Seasonal Items,SpringFling Kite Flying Kit
Seasonal Items,PatrioticPulse Independence Day Speaker
Seasonal Items,AutumnAlchemy Cocktail Mixer Set
Seasonal Items,SummerSolstice Sun Catcher
Seasonal Items,GhoulGather Halloween Party Pack
Seasonal Items,NoelNotebook Holiday Planning Organizer
Seasonal Items,BlossomBouquet Spring Wreath
Seasonal Items,FireworkFiesta Fourth of July Kit
Seasonal Items,ThanksgivingTrove Table Setting Collection
Seasonal Items,IceIllumination Frozen Light Show
Seasonal Items,SpringRenewal Gardening Gloves
Seasonal Items,StarSpangled Banner Making Kit
Seasonal Items,HarvestMoon Night Light
Seasonal Items,SeaSplash Summer Beach Ball
Seasonal Items,PhantomPhun Halloween Mask Crafting Kit
Seasonal Items,Christmastide Cocoa Mug Set
Seasonal Items,EasterEssence Candle Trio
Seasonal Items,GratitudeGarden Thanksgiving Centerpiece
Seasonal Items,FrostyFriends Winter Holiday Cards
Seasonal Items,SpringSongbird Feeder
Seasonal Items,FreedomFlare Patriotic Yard Signs
Seasonal Items,Witches'Wonder Halloween Baking Set
Seasonal Items,YuletideYarn Knitting Kit for Christmas Sweaters
Seasonal Items,TulipTwirl Spring Vase Collection
Seasonal Items,PatriotPlates Decorative Fourth of July Tableware
Seasonal Items,AutumnAura Essential Oil Blend
Seasonal Items,SummerShade Umbrella Stand
Seasonal Items,HauntingHues Halloween Makeup Kit
Seasonal Items,MistletoeMerriment Christmas Party Games
Seasonal Items,SpringSafari Animal Planters
Seasonal Items,LibertyLights Solar-Powered Flag Light
Seasonal Items,HarvestHands Fall Gardening Kit
Seasonal Items,BreezyBeach Portable Fan
Seasonal Items,GhostlyGatherings Party Invitations
Seasonal Items,NoelNectar Christmas Cocktail Mixers
Seasonal Items,EasterEggcitement Craft Supplies
Seasonal Items,PilgrimPride Thanksgiving Costume Accessories
Seasonal Items,WinterWhisper Plush Throw
Seasonal Items,SpringBreeze Wind Chimes
Seasonal Items,StarlitSoiree Fourth of July Lanterns
Seasonal Items,AutumnAdornments Leaf Pattern Tablecloth
Seasonal Items,SunnySeasons Picnic Basket Set
Seasonal Items,FrightNight Essentials Halloween Movie Marathon Kit
Seasonal Items,FestiveFoliage Christmas Tree Skirt
Seasonal Items,BunnyHops Easter Decorative Throw Pillows
Seasonal Items,GratefulGlow Thanksgiving Candle Set
Seasonal Items,IceCastle Winter Light Display
Seasonal Items,BlossomBrunch Spring Tea Set
Seasonal Items,PatriotPatch DIY Flag Kit
Seasonal Items,AutumnEcho Wind Chime
Seasonal Items,SunkissedSummer Tanning Lotion
Seasonal Items,BooBash Halloween Punch Bowl Set
Seasonal Items,YuletideTunes Holiday Music Box
Seasonal Items,SpringSower Seed Bomb Kit
Seasonal Items,IndependenceIlluminate Firework LED Lights
Seasonal Items,HarvestHarmony Table Runner
Seasonal Items,SummerStars Projector
Seasonal Items,HauntedHallows Halloween Yard Decor
Seasonal Items,Christmastime Cookie Cutter Set
Seasonal Items,EasterEnsemble Table Decor Set
Seasonal Items,Thankful
