,name,description
0,Visual Merchandising Consultation,Consultation service for optimizing store layout and product displays to enhance customer experience and sales.
1,Loss Prevention Training,Training sessions for retail staff on theft prevention techniques and security measures.
2,Inventory Management Software Maintenance,"Software solution for tracking and managing inventory levels, optimizing stock replenishment, and reducing out-of-stock situations."
3,Customer Loyalty Program Setup,Setup and customization of a customer loyalty program to increase customer retention and repeat purchases.
4,E-commerce Website Development,"Development of an online store website tailored to the retail business, including design, functionality, and integration with payment gateways."
5,Visual Merchandising Training,Training workshops for retail staff on visual merchandising techniques to create visually appealing product displays.
6,Retail Analytics Software Administration,"Software solution for analyzing sales data, customer behavior, and market trends to make informed business decisions and drive growth."
7,POS System Installation,"Installation and setup of a point-of-sale system for processing transactions, managing inventory, and generating sales reports."
8,Social Media Marketing Campaign,"Creation and execution of a social media marketing campaign to increase brand awareness, engage customers, and drive traffic to the retail store."
9,Staff Training Programs,"Customized training programs for retail staff covering customer service, product knowledge, and sales techniques to enhance productivity and performance."
10,Supply Chain Optimization Consultation,"Consultation service for optimizing supply chain processes, reducing costs, and improving efficiency in procurement, logistics, and distribution."
11,Visual Merchandising Design,"Supply of tools and equipment for visual merchandising, including display racks, signage, and lighting solutions."
12,Retail Store Renovation,"Full or partial renovation services for retail stores, including interior design, layout optimization, and construction work."
13,Customer Feedback Surveys,"Development and implementation of customer feedback surveys to gather insights, measure satisfaction levels, and identify areas for improvement."
14,Digital Marketing Consultation,"Consultation service for developing digital marketing strategies, including SEO, SEM, email marketing, and content creation, to attract and retain customers online."
15,Retail Staff Recruitment Services,"Recruitment services for hiring qualified retail staff, including job postings, candidate screening, and interviewing, to ensure a skilled and motivated workforce."
16,Mobile App Development,"Custom development of a mobile application for the retail business, offering features such as product browsing, mobile payments, and loyalty program integration."
17,Product Packaging Design,"Design and customization of product packaging to enhance brand identity, attract customers, and differentiate products on the shelves."
18,Staff Performance Evaluation,"Implementation of performance evaluation systems to assess and improve the productivity, efficiency, and customer service skills of retail staff."
